entity:soil2_sample_id	metagenome_size_in_gbp	random_number	singlem_table	sra_accession
DRR001455	4	596	undefined	DRR001455
DRR001465	4	326	undefined	DRR001465
DRR001971	1	843	undefined	DRR001971
DRR101460	16	30	undefined	DRR101460
DRR128718	1	383	gs://fc-e68b90c4-861d-4507-8118-e88d1e871567/ea595b6a-4832-4fed-9dde-e7c78cfb7e4f/SingleM_SRA/27daa701-a75e-4c30-90cb-3275e29e9f43/call-singlem/DRR128718.singlem.json.gz	DRR128718
DRR160714	6	533	undefined	DRR160714
DRR160715	6	997	gs://fc-e68b90c4-861d-4507-8118-e88d1e871567/f66612ba-b5e0-4912-8d44-1f105c12d64d/SingleM_SRA/933d0bd7-12c1-475f-8689-8004a304e784/call-singlem/DRR160715.singlem.json.gz	DRR160715
DRR160716	5	241	undefined	DRR160716
DRR160717	5	141	undefined	DRR160717
ERR1299336	7	811	gs://fc-e68b90c4-861d-4507-8118-e88d1e871567/f66612ba-b5e0-4912-8d44-1f105c12d64d/SingleM_SRA/185cc32a-e5e8-4f14-99b9-8d67e731d4f4/call-singlem/ERR1299336.singlem.json.gz	ERR1299336
ERR1700674	18	11	undefined	ERR1700674
ERR1700678	13	529	undefined	ERR1700678
ERR1700683	17	457	undefined	ERR1700683
ERR1700702	9	63	undefined	ERR1700702
ERR1700718	7	243	undefined	ERR1700718
ERR1700721	18	611	undefined	ERR1700721
ERR1700746	15	688	undefined	ERR1700746
ERR1742253	17	868	undefined	ERR1742253
ERR1742261	16	475	undefined	ERR1742261
ERR1742262	16	635	gs://fc-e68b90c4-861d-4507-8118-e88d1e871567/f66612ba-b5e0-4912-8d44-1f105c12d64d/SingleM_SRA/2aa7afd0-e03e-48ec-8e58-78d3dd058bb9/call-singlem/ERR1742262.singlem.json.gz	ERR1742262
ERR1742268	16	827	undefined	ERR1742268
ERR1742275	13	879	gs://fc-e68b90c4-861d-4507-8118-e88d1e871567/f66612ba-b5e0-4912-8d44-1f105c12d64d/SingleM_SRA/d51538ba-1258-4862-a410-377538acd880/call-singlem/attempt-2/ERR1742275.singlem.json.gz	ERR1742275
ERR1877655	1	831	gs://fc-e68b90c4-861d-4507-8118-e88d1e871567/f66612ba-b5e0-4912-8d44-1f105c12d64d/SingleM_SRA/a4f2706f-7fd9-44ec-b5ed-6015148c29ec/call-singlem/ERR1877655.singlem.json.gz	ERR1877655
ERR1877661	1	621	undefined	ERR1877661
ERR1877667	1	921	gs://fc-e68b90c4-861d-4507-8118-e88d1e871567/f66612ba-b5e0-4912-8d44-1f105c12d64d/SingleM_SRA/4d30ad0e-0990-4efc-afd6-5154eb5f0784/call-singlem/ERR1877667.singlem.json.gz	ERR1877667
ERR1877680	3	923	gs://fc-e68b90c4-861d-4507-8118-e88d1e871567/f66612ba-b5e0-4912-8d44-1f105c12d64d/SingleM_SRA/c3d97a65-4a2e-4c54-b19e-c4a67693daa2/call-singlem/ERR1877680.singlem.json.gz	ERR1877680
ERR1877684	3	194	undefined	ERR1877684
ERR1877685	1	110	undefined	ERR1877685
ERR1877691	1	58	gs://fc-e68b90c4-861d-4507-8118-e88d1e871567/f66612ba-b5e0-4912-8d44-1f105c12d64d/SingleM_SRA/95765587-0d6b-4a6a-93f5-5c332322ba9a/call-singlem/ERR1877691.singlem.json.gz	ERR1877691
ERR1877698	1	218	gs://fc-e68b90c4-861d-4507-8118-e88d1e871567/f66612ba-b5e0-4912-8d44-1f105c12d64d/SingleM_SRA/f7e466f8-7bd6-400f-9430-c1f8e89f5109/call-singlem/ERR1877698.singlem.json.gz	ERR1877698
ERR1877700	1	265	undefined	ERR1877700
ERR1877703	1	403	undefined	ERR1877703
ERR1877713	1	162	gs://fc-e68b90c4-861d-4507-8118-e88d1e871567/f66612ba-b5e0-4912-8d44-1f105c12d64d/SingleM_SRA/5f43e8a2-4a52-4b74-8d5b-b24cee6a5729/call-singlem/ERR1877713.singlem.json.gz	ERR1877713
ERR1877714	1	404	undefined	ERR1877714
ERR1877716	1	313	undefined	ERR1877716
ERR1877717	1	834	undefined	ERR1877717
ERR1877719	1	182	gs://fc-e68b90c4-861d-4507-8118-e88d1e871567/f66612ba-b5e0-4912-8d44-1f105c12d64d/SingleM_SRA/bdcb0017-95de-4e51-9c82-c7696b74cd9a/call-singlem/ERR1877719.singlem.json.gz	ERR1877719
ERR1877720	1	891	undefined	ERR1877720
ERR1877725	1	752	undefined	ERR1877725
ERR1877729	1	580	gs://fc-e68b90c4-861d-4507-8118-e88d1e871567/f66612ba-b5e0-4912-8d44-1f105c12d64d/SingleM_SRA/d3a7f79b-1dbc-4b11-b61a-039a9fe0ac51/call-singlem/ERR1877729.singlem.json.gz	ERR1877729
ERR1877731	1	386	undefined	ERR1877731
ERR1877732	1	775	undefined	ERR1877732
ERR1877734	1	527	undefined	ERR1877734
ERR1877744	1	895	undefined	ERR1877744
ERR1877748	1	916	undefined	ERR1877748
ERR1877767	1	971	gs://fc-e68b90c4-861d-4507-8118-e88d1e871567/f66612ba-b5e0-4912-8d44-1f105c12d64d/SingleM_SRA/51aacf2f-e6d2-4deb-82c8-3facb97cfbc9/call-singlem/ERR1877767.singlem.json.gz	ERR1877767
ERR1877776	1	361	undefined	ERR1877776
ERR1877779	2	51	undefined	ERR1877779
ERR1877780	3	682	undefined	ERR1877780
ERR1877781	1	180	undefined	ERR1877781
ERR1877782	3	619	gs://fc-e68b90c4-861d-4507-8118-e88d1e871567/f66612ba-b5e0-4912-8d44-1f105c12d64d/SingleM_SRA/e21dbe02-cc36-478e-82ee-426a27e89034/call-singlem/ERR1877782.singlem.json.gz	ERR1877782
ERR1877785	6	807	gs://fc-e68b90c4-861d-4507-8118-e88d1e871567/f66612ba-b5e0-4912-8d44-1f105c12d64d/SingleM_SRA/1a2fdbe0-e70d-4628-8f12-916f71133732/call-singlem/ERR1877785.singlem.json.gz	ERR1877785
ERR1877809	1	165	undefined	ERR1877809
ERR1877817	3	797	undefined	ERR1877817
ERR1877825	3	303	gs://fc-e68b90c4-861d-4507-8118-e88d1e871567/f66612ba-b5e0-4912-8d44-1f105c12d64d/SingleM_SRA/90533647-7162-45a1-9e18-58a9d9cf7c7a/call-singlem/ERR1877825.singlem.json.gz	ERR1877825
ERR1877830	1	270	gs://fc-e68b90c4-861d-4507-8118-e88d1e871567/f66612ba-b5e0-4912-8d44-1f105c12d64d/SingleM_SRA/5a28e9f1-0928-4f9a-9de9-17b5837cb31d/call-singlem/ERR1877830.singlem.json.gz	ERR1877830
ERR1877831	3	722	gs://fc-e68b90c4-861d-4507-8118-e88d1e871567/f66612ba-b5e0-4912-8d44-1f105c12d64d/SingleM_SRA/5efb84c2-c45a-40b3-8a91-218b5a8b8716/call-singlem/ERR1877831.singlem.json.gz	ERR1877831
ERR1877832	3	166	gs://fc-e68b90c4-861d-4507-8118-e88d1e871567/f66612ba-b5e0-4912-8d44-1f105c12d64d/SingleM_SRA/7691c879-1c08-4d4b-a983-dcd9108cbb81/call-singlem/ERR1877832.singlem.json.gz	ERR1877832
ERR1877855	1	697	undefined	ERR1877855
ERR1877859	1	749	undefined	ERR1877859
ERR1877862	1	629	undefined	ERR1877862
ERR1877872	3	229	gs://fc-e68b90c4-861d-4507-8118-e88d1e871567/f66612ba-b5e0-4912-8d44-1f105c12d64d/SingleM_SRA/fa2bd758-78ae-4a8d-9b56-793b75ec8b7c/call-singlem/ERR1877872.singlem.json.gz	ERR1877872
ERR1877877	8	841	undefined	ERR1877877
ERR1877895	2	737	undefined	ERR1877895
ERR1877908	1	147	undefined	ERR1877908
ERR1877914	1	328	undefined	ERR1877914
ERR1877918	3	365	undefined	ERR1877918
ERR1877921	5	329	gs://fc-e68b90c4-861d-4507-8118-e88d1e871567/f66612ba-b5e0-4912-8d44-1f105c12d64d/SingleM_SRA/75eb17be-945d-4f8a-b716-41bbdc732a3c/call-singlem/ERR1877921.singlem.json.gz	ERR1877921
ERR1877928	1	755	undefined	ERR1877928
ERR1877929	1	930	undefined	ERR1877929
ERR1877935	1	139	gs://fc-e68b90c4-861d-4507-8118-e88d1e871567/f66612ba-b5e0-4912-8d44-1f105c12d64d/SingleM_SRA/92849e37-523d-4d64-991e-8c0ef35d5834/call-singlem/ERR1877935.singlem.json.gz	ERR1877935
ERR2041961	5	840	undefined	ERR2041961
ERR2041970	4	488	gs://fc-e68b90c4-861d-4507-8118-e88d1e871567/f66612ba-b5e0-4912-8d44-1f105c12d64d/SingleM_SRA/7052cc21-ff28-49c2-bb4c-a5bad3c92ddc/call-singlem/ERR2041970.singlem.json.gz	ERR2041970
ERR2041976	4	266	gs://fc-e68b90c4-861d-4507-8118-e88d1e871567/f66612ba-b5e0-4912-8d44-1f105c12d64d/SingleM_SRA/728d2823-fa35-49cf-82ff-cf6bccba4efc/call-singlem/ERR2041976.singlem.json.gz	ERR2041976
ERR2041977	4	146	undefined	ERR2041977
ERR2078399	1	474	gs://fc-e68b90c4-861d-4507-8118-e88d1e871567/f66612ba-b5e0-4912-8d44-1f105c12d64d/SingleM_SRA/6408501c-54ba-463d-8793-7db0f3d74826/call-singlem/ERR2078399.singlem.json.gz	ERR2078399
ERR2078403	2	152	undefined	ERR2078403
ERR2078404	2	100	gs://fc-e68b90c4-861d-4507-8118-e88d1e871567/f66612ba-b5e0-4912-8d44-1f105c12d64d/SingleM_SRA/8a5a4722-19ed-40ab-a13d-757bead6aeb6/call-singlem/ERR2078404.singlem.json.gz	ERR2078404
ERR2078406	1	900	undefined	ERR2078406
ERR2078410	3	654	gs://fc-e68b90c4-861d-4507-8118-e88d1e871567/f66612ba-b5e0-4912-8d44-1f105c12d64d/SingleM_SRA/78a5826c-359a-47fd-aa34-54af1c71a0e3/call-singlem/ERR2078410.singlem.json.gz	ERR2078410
ERR2078417	2	18	gs://fc-e68b90c4-861d-4507-8118-e88d1e871567/f66612ba-b5e0-4912-8d44-1f105c12d64d/SingleM_SRA/2f755f81-d1bc-458e-984a-aa593c144149/call-singlem/ERR2078417.singlem.json.gz	ERR2078417
ERR2078419	2	662	undefined	ERR2078419
ERR2078422	2	578	gs://fc-e68b90c4-861d-4507-8118-e88d1e871567/f66612ba-b5e0-4912-8d44-1f105c12d64d/SingleM_SRA/e9c98f68-6805-4272-9793-05169b99ad94/call-singlem/ERR2078422.singlem.json.gz	ERR2078422
ERR2078433	2	564	undefined	ERR2078433
ERR2078436	2	46	gs://fc-e68b90c4-861d-4507-8118-e88d1e871567/f66612ba-b5e0-4912-8d44-1f105c12d64d/SingleM_SRA/d8132a67-d6f0-409e-af07-9c58e42fd04d/call-singlem/ERR2078436.singlem.json.gz	ERR2078436
ERR2078440	1	388	gs://fc-e68b90c4-861d-4507-8118-e88d1e871567/f66612ba-b5e0-4912-8d44-1f105c12d64d/SingleM_SRA/a059119a-5479-4799-b8f1-2b167ebe3656/call-singlem/ERR2078440.singlem.json.gz	ERR2078440
ERR2078484	2	864	gs://fc-e68b90c4-861d-4507-8118-e88d1e871567/f66612ba-b5e0-4912-8d44-1f105c12d64d/SingleM_SRA/ec344a94-4071-4fda-9bbb-d788392059aa/call-singlem/ERR2078484.singlem.json.gz	ERR2078484
ERR2078488	3	919	gs://fc-e68b90c4-861d-4507-8118-e88d1e871567/f66612ba-b5e0-4912-8d44-1f105c12d64d/SingleM_SRA/2675aa83-f148-49e6-b297-8f0aa39b7cea/call-singlem/ERR2078488.singlem.json.gz	ERR2078488
ERR2078491	2	368	undefined	ERR2078491
ERR2078496	1	563	gs://fc-e68b90c4-861d-4507-8118-e88d1e871567/f66612ba-b5e0-4912-8d44-1f105c12d64d/SingleM_SRA/9141af90-1aa7-475d-be5c-b5c062ddf0de/call-singlem/ERR2078496.singlem.json.gz	ERR2078496
ERR2078501	3	459	undefined	ERR2078501
ERR2078503	2	518	undefined	ERR2078503
ERR2078506	2	61	gs://fc-e68b90c4-861d-4507-8118-e88d1e871567/f66612ba-b5e0-4912-8d44-1f105c12d64d/SingleM_SRA/d46238ed-b606-4ce7-a416-f95780284634/call-singlem/ERR2078506.singlem.json.gz	ERR2078506
ERR2078511	2	742	undefined	ERR2078511
ERR2210122	4	839	gs://fc-e68b90c4-861d-4507-8118-e88d1e871567/f66612ba-b5e0-4912-8d44-1f105c12d64d/SingleM_SRA/16e45636-903a-4a3f-b9e5-3a9c84363bba/call-singlem/attempt-2/ERR2210122.singlem.json.gz	ERR2210122
ERR2210126	5	164	undefined	ERR2210126
ERR2233334	3	928	undefined	ERR2233334
ERR2233341	3	215	undefined	ERR2233341
ERR2233344	3	985	gs://fc-e68b90c4-861d-4507-8118-e88d1e871567/f66612ba-b5e0-4912-8d44-1f105c12d64d/SingleM_SRA/1b11c402-f979-4121-ba83-ab16fe85c9f4/call-singlem/ERR2233344.singlem.json.gz	ERR2233344
ERR2239857	2	885	undefined	ERR2239857
ERR2239861	2	776	undefined	ERR2239861
ERR2239865	1	788	undefined	ERR2239865
ERR2239869	1	499	gs://fc-e68b90c4-861d-4507-8118-e88d1e871567/f66612ba-b5e0-4912-8d44-1f105c12d64d/SingleM_SRA/414580a1-250e-4567-b19e-918a0dd3e7de/call-singlem/ERR2239869.singlem.json.gz	ERR2239869
ERR2603037	2	260	undefined	ERR2603037
ERR2603038	2	70	undefined	ERR2603038
ERR2603041	2	417	undefined	ERR2603041
ERR2603070	2	523	undefined	ERR2603070
ERR2603082	2	132	gs://fc-e68b90c4-861d-4507-8118-e88d1e871567/f66612ba-b5e0-4912-8d44-1f105c12d64d/SingleM_SRA/8f7ede35-9cf0-45ca-8515-69683118b4cd/call-singlem/ERR2603082.singlem.json.gz	ERR2603082
ERR2603092	2	248	undefined	ERR2603092
ERR2603094	2	932	gs://fc-e68b90c4-861d-4507-8118-e88d1e871567/f66612ba-b5e0-4912-8d44-1f105c12d64d/SingleM_SRA/13af70a7-a0f9-45b6-8644-7a89032c2e58/call-singlem/ERR2603094.singlem.json.gz	ERR2603094
ERR2603098	2	738	undefined	ERR2603098
ERR2603114	2	84	gs://fc-e68b90c4-861d-4507-8118-e88d1e871567/f66612ba-b5e0-4912-8d44-1f105c12d64d/SingleM_SRA/2b425654-f9b9-4a09-8cc9-398710325c92/call-singlem/ERR2603114.singlem.json.gz	ERR2603114
ERR2603121	2	967	gs://fc-e68b90c4-861d-4507-8118-e88d1e871567/f66612ba-b5e0-4912-8d44-1f105c12d64d/SingleM_SRA/6530bc37-ace6-4763-8692-ec0c8b49bba4/call-singlem/ERR2603121.singlem.json.gz	ERR2603121
ERR2603126	2	856	gs://fc-e68b90c4-861d-4507-8118-e88d1e871567/f66612ba-b5e0-4912-8d44-1f105c12d64d/SingleM_SRA/0146133e-a417-4bb4-95dd-734e7191e597/call-singlem/ERR2603126.singlem.json.gz	ERR2603126
ERR2603135	2	798	undefined	ERR2603135
ERR2603141	2	210	undefined	ERR2603141
ERR2603142	2	323	undefined	ERR2603142
ERR2603147	2	719	gs://fc-e68b90c4-861d-4507-8118-e88d1e871567/f66612ba-b5e0-4912-8d44-1f105c12d64d/SingleM_SRA/af5310a5-c492-4903-97d0-3ab87da1fab2/call-singlem/ERR2603147.singlem.json.gz	ERR2603147
ERR2603160	2	713	undefined	ERR2603160
ERR2603164	2	836	undefined	ERR2603164
ERR2603174	2	9	gs://fc-e68b90c4-861d-4507-8118-e88d1e871567/f66612ba-b5e0-4912-8d44-1f105c12d64d/SingleM_SRA/6ff2f7a0-cffa-4a69-9c3f-042f6f9cd239/call-singlem/ERR2603174.singlem.json.gz	ERR2603174
ERR2603178	2	355	undefined	ERR2603178
ERR2603179	2	881	undefined	ERR2603179
ERR2603182	2	579	gs://fc-e68b90c4-861d-4507-8118-e88d1e871567/f66612ba-b5e0-4912-8d44-1f105c12d64d/SingleM_SRA/f6c33262-e722-4505-87d5-60a4c8379267/call-singlem/ERR2603182.singlem.json.gz	ERR2603182
ERR2603183	2	486	gs://fc-e68b90c4-861d-4507-8118-e88d1e871567/f66612ba-b5e0-4912-8d44-1f105c12d64d/SingleM_SRA/1b5020af-2ed9-4123-80b9-64b36976bb2b/call-singlem/ERR2603183.singlem.json.gz	ERR2603183
ERR2603195	2	796	undefined	ERR2603195
ERR2603210	2	894	gs://fc-e68b90c4-861d-4507-8118-e88d1e871567/f66612ba-b5e0-4912-8d44-1f105c12d64d/SingleM_SRA/5214dbd1-f391-4ed2-9558-2ff172893412/call-singlem/ERR2603210.singlem.json.gz	ERR2603210
ERR2603213	2	445	gs://fc-e68b90c4-861d-4507-8118-e88d1e871567/f66612ba-b5e0-4912-8d44-1f105c12d64d/SingleM_SRA/22623f87-b92a-4fec-9d2f-7830aec753d2/call-singlem/ERR2603213.singlem.json.gz	ERR2603213
ERR2603218	2	221	gs://fc-e68b90c4-861d-4507-8118-e88d1e871567/f66612ba-b5e0-4912-8d44-1f105c12d64d/SingleM_SRA/aa626820-eea4-4f12-ba6a-7511093f9cb8/call-singlem/ERR2603218.singlem.json.gz	ERR2603218
ERR2603219	2	990	undefined	ERR2603219
ERR2603228	2	869	gs://fc-e68b90c4-861d-4507-8118-e88d1e871567/f66612ba-b5e0-4912-8d44-1f105c12d64d/SingleM_SRA/1a93ee43-8b46-435b-8c25-6fa323c7d909/call-singlem/ERR2603228.singlem.json.gz	ERR2603228
ERR2603232	2	554	undefined	ERR2603232
ERR2603236	2	119	undefined	ERR2603236
ERR2603242	2	337	gs://fc-e68b90c4-861d-4507-8118-e88d1e871567/f66612ba-b5e0-4912-8d44-1f105c12d64d/SingleM_SRA/a652eb83-59e6-4ad0-bb6e-ca9bc66e672d/call-singlem/ERR2603242.singlem.json.gz	ERR2603242
ERR2603244	2	478	gs://fc-e68b90c4-861d-4507-8118-e88d1e871567/f66612ba-b5e0-4912-8d44-1f105c12d64d/SingleM_SRA/0698efa9-5108-4580-9294-10ffbd0ea4e6/call-singlem/ERR2603244.singlem.json.gz	ERR2603244
ERR2603245	2	583	undefined	ERR2603245
ERR2603259	2	705	undefined	ERR2603259
ERR2603260	2	938	undefined	ERR2603260
ERR2603266	2	219	gs://fc-e68b90c4-861d-4507-8118-e88d1e871567/f66612ba-b5e0-4912-8d44-1f105c12d64d/SingleM_SRA/4619fafd-4f77-4d8d-94b5-ed0bb480fadf/call-singlem/ERR2603266.singlem.json.gz	ERR2603266
ERR2603272	2	603	undefined	ERR2603272
ERR2603276	2	350	undefined	ERR2603276
ERR2603280	2	631	undefined	ERR2603280
ERR2603283	2	969	gs://fc-e68b90c4-861d-4507-8118-e88d1e871567/f66612ba-b5e0-4912-8d44-1f105c12d64d/SingleM_SRA/eac6238e-f294-4b2b-9709-952dd7269098/call-singlem/ERR2603283.singlem.json.gz	ERR2603283
ERR2603284	2	21	undefined	ERR2603284
ERR2603295	2	854	undefined	ERR2603295
ERR2603296	2	66	undefined	ERR2603296
ERR2603298	2	473	undefined	ERR2603298
ERR2603300	2	506	undefined	ERR2603300
ERR2603301	2	225	gs://fc-e68b90c4-861d-4507-8118-e88d1e871567/f66612ba-b5e0-4912-8d44-1f105c12d64d/SingleM_SRA/c6448e1f-85ad-4ece-b4b6-41fb3b05fd85/call-singlem/ERR2603301.singlem.json.gz	ERR2603301
ERR2603305	2	267	gs://fc-e68b90c4-861d-4507-8118-e88d1e871567/f66612ba-b5e0-4912-8d44-1f105c12d64d/SingleM_SRA/fba16876-4704-47c4-b786-34e47e9c259d/call-singlem/ERR2603305.singlem.json.gz	ERR2603305
ERR2603307	2	912	undefined	ERR2603307
ERR2603314	2	396	gs://fc-e68b90c4-861d-4507-8118-e88d1e871567/f66612ba-b5e0-4912-8d44-1f105c12d64d/SingleM_SRA/d110b731-81ee-4350-9bf3-7198a3dc3453/call-singlem/ERR2603314.singlem.json.gz	ERR2603314
ERR2603315	2	489	gs://fc-e68b90c4-861d-4507-8118-e88d1e871567/f66612ba-b5e0-4912-8d44-1f105c12d64d/SingleM_SRA/95af6ba9-bafd-45bd-bfc5-24b90c751cf3/call-singlem/ERR2603315.singlem.json.gz	ERR2603315
ERR2709714	3	169	undefined	ERR2709714
ERR2709715	3	625	undefined	ERR2709715
ERR2709718	3	804	undefined	ERR2709718
ERR2709720	3	825	undefined	ERR2709720
ERR2709726	3	27	gs://fc-e68b90c4-861d-4507-8118-e88d1e871567/f66612ba-b5e0-4912-8d44-1f105c12d64d/SingleM_SRA/a4ca7f6b-9be6-4562-a605-800487e77267/call-singlem/ERR2709726.singlem.json.gz	ERR2709726
ERR2709734	3	842	undefined	ERR2709734
ERR2709735	3	727	undefined	ERR2709735
ERR2709738	3	223	undefined	ERR2709738
ERR2709739	3	777	gs://fc-e68b90c4-861d-4507-8118-e88d1e871567/f66612ba-b5e0-4912-8d44-1f105c12d64d/SingleM_SRA/bc8e6d09-830f-4ee2-8ac3-3debd7f2765c/call-singlem/attempt-2/ERR2709739.singlem.json.gz	ERR2709739
ERR2709740	4	786	undefined	ERR2709740
ERR2709749	3	93	gs://fc-e68b90c4-861d-4507-8118-e88d1e871567/f66612ba-b5e0-4912-8d44-1f105c12d64d/SingleM_SRA/17f30807-622b-4220-bc97-4d716dd6273d/call-singlem/ERR2709749.singlem.json.gz	ERR2709749
ERR2709750	3	31	undefined	ERR2709750
ERR2709759	4	799	undefined	ERR2709759
ERR2709762	3	569	gs://fc-e68b90c4-861d-4507-8118-e88d1e871567/f66612ba-b5e0-4912-8d44-1f105c12d64d/SingleM_SRA/e0c50b50-e9fc-47ae-95f1-f0e472020fee/call-singlem/ERR2709762.singlem.json.gz	ERR2709762
ERR2709763	2	584	undefined	ERR2709763
ERR2709766	4	375	undefined	ERR2709766
ERR2709767	4	600	undefined	ERR2709767
ERR2709774	3	436	undefined	ERR2709774
ERR2709781	4	124	undefined	ERR2709781
ERR2709792	3	19	undefined	ERR2709792
ERR2709795	3	97	gs://fc-e68b90c4-861d-4507-8118-e88d1e871567/f66612ba-b5e0-4912-8d44-1f105c12d64d/SingleM_SRA/ec0ee954-69c6-45b2-8233-ebb671ebc818/call-singlem/ERR2709795.singlem.json.gz	ERR2709795
ERR2709796	3	793	gs://fc-e68b90c4-861d-4507-8118-e88d1e871567/f66612ba-b5e0-4912-8d44-1f105c12d64d/SingleM_SRA/c6accbfc-856f-45f0-a673-63b8b83ce433/call-singlem/ERR2709796.singlem.json.gz	ERR2709796
ERR2709799	3	91	undefined	ERR2709799
ERR2709804	3	230	undefined	ERR2709804
ERR2709805	3	501	undefined	ERR2709805
ERR2709808	3	771	undefined	ERR2709808
ERR2709815	3	226	undefined	ERR2709815
ERR2709818	4	293	gs://fc-e68b90c4-861d-4507-8118-e88d1e871567/f66612ba-b5e0-4912-8d44-1f105c12d64d/SingleM_SRA/5f675528-70f8-40b1-a762-dea1b0e64d66/call-singlem/ERR2709818.singlem.json.gz	ERR2709818
ERR3345704	4	238	gs://fc-e68b90c4-861d-4507-8118-e88d1e871567/f66612ba-b5e0-4912-8d44-1f105c12d64d/SingleM_SRA/ee82c76b-ce93-4882-9167-b4c8eb54dfec/call-singlem/ERR3345704.singlem.json.gz	ERR3345704
ERR3345711	4	609	gs://fc-e68b90c4-861d-4507-8118-e88d1e871567/f66612ba-b5e0-4912-8d44-1f105c12d64d/SingleM_SRA/9b0d8a03-b72a-4aa4-9a72-fd7df6f20c16/call-singlem/ERR3345711.singlem.json.gz	ERR3345711
ERR3345716	5	691	undefined	ERR3345716
ERR3345720	5	288	gs://fc-e68b90c4-861d-4507-8118-e88d1e871567/f66612ba-b5e0-4912-8d44-1f105c12d64d/SingleM_SRA/e7b54ea7-4b03-4388-92f8-1255d9082b53/call-singlem/ERR3345720.singlem.json.gz	ERR3345720
ERR3345721	5	809	undefined	ERR3345721
ERR3345733	4	438	undefined	ERR3345733
ERR3345740	4	581	undefined	ERR3345740
ERR3345743	4	167	undefined	ERR3345743
ERR3761403	1	496	undefined	ERR3761403
ERR4245121	5	606	gs://fc-e68b90c4-861d-4507-8118-e88d1e871567/f66612ba-b5e0-4912-8d44-1f105c12d64d/SingleM_SRA/4a9aa73d-42cd-4579-9860-dc3983dbfaae/call-singlem/ERR4245121.singlem.json.gz	ERR4245121
ERR4245132	5	310	gs://fc-e68b90c4-861d-4507-8118-e88d1e871567/f66612ba-b5e0-4912-8d44-1f105c12d64d/SingleM_SRA/af47ed74-c9b5-4eab-9663-d2ec7a3a16ca/call-singlem/ERR4245132.singlem.json.gz	ERR4245132
ERR4245135	5	814	undefined	ERR4245135
ERR4245140	4	594	undefined	ERR4245140
ERR4245144	5	427	undefined	ERR4245144
ERR4245146	3	744	undefined	ERR4245146
ERR436055	4	733	undefined	ERR436055
ERR4392705	14	910	undefined	ERR4392705
ERR4392728	19	699	undefined	ERR4392728
ERR4837099	8	613	undefined	ERR4837099
ERR4837103	10	915	gs://fc-e68b90c4-861d-4507-8118-e88d1e871567/f66612ba-b5e0-4912-8d44-1f105c12d64d/SingleM_SRA/6b29a514-c8b9-40c9-87ba-7841469f7be5/call-singlem/ERR4837103.singlem.json.gz	ERR4837103
ERR4837110	3	491	gs://fc-e68b90c4-861d-4507-8118-e88d1e871567/f66612ba-b5e0-4912-8d44-1f105c12d64d/SingleM_SRA/3d08ebba-189d-4076-b244-195b4d59a605/call-singlem/ERR4837110.singlem.json.gz	ERR4837110
ERR4837115	3	83	gs://fc-e68b90c4-861d-4507-8118-e88d1e871567/f66612ba-b5e0-4912-8d44-1f105c12d64d/SingleM_SRA/45764943-3fd8-4f0b-8c0c-2a09af1ee20f/call-singlem/attempt-2/ERR4837115.singlem.json.gz	ERR4837115
ERR4837120	3	917	gs://fc-e68b90c4-861d-4507-8118-e88d1e871567/f66612ba-b5e0-4912-8d44-1f105c12d64d/SingleM_SRA/c158ea13-d7ba-4847-bd44-94ac08926633/call-singlem/ERR4837120.singlem.json.gz	ERR4837120
ERR4837129	11	392	undefined	ERR4837129
ERR4837139	9	655	undefined	ERR4837139
ERR4837141	9	553	undefined	ERR4837141
ERR4837144	10	686	gs://fc-e68b90c4-861d-4507-8118-e88d1e871567/f66612ba-b5e0-4912-8d44-1f105c12d64d/SingleM_SRA/54648944-7d2e-4795-8576-a85f5066b6f5/call-singlem/ERR4837144.singlem.json.gz	ERR4837144
ERR5029657	199	354	undefined	ERR5029657
ERR5451050	1	820	gs://fc-e68b90c4-861d-4507-8118-e88d1e871567/f66612ba-b5e0-4912-8d44-1f105c12d64d/SingleM_SRA/b7457a7b-b25d-49f1-b210-e3d19e50accc/call-singlem/ERR5451050.singlem.json.gz	ERR5451050
ERR5451053	1	751	undefined	ERR5451053
ERR5451059	1	120	undefined	ERR5451059
ERR5451065	1	469	gs://fc-e68b90c4-861d-4507-8118-e88d1e871567/f66612ba-b5e0-4912-8d44-1f105c12d64d/SingleM_SRA/b6784ad4-8a72-4b53-a84a-8821e34ea526/call-singlem/ERR5451065.singlem.json.gz	ERR5451065
ERR671922	15	632	gs://fc-e68b90c4-861d-4507-8118-e88d1e871567/f66612ba-b5e0-4912-8d44-1f105c12d64d/SingleM_SRA/abb24f29-3c89-4c9f-9ed7-0bf8bfb8e112/call-singlem/ERR671922.singlem.json.gz	ERR671922
ERR671930	12	677	gs://fc-e68b90c4-861d-4507-8118-e88d1e871567/f66612ba-b5e0-4912-8d44-1f105c12d64d/SingleM_SRA/433b3d20-d66b-4e21-8c91-bf23d56f934b/call-singlem/attempt-2/ERR671930.singlem.json.gz	ERR671930
ERR671935	14	503	undefined	ERR671935
ERR671937	14	332	gs://fc-e68b90c4-861d-4507-8118-e88d1e871567/f66612ba-b5e0-4912-8d44-1f105c12d64d/SingleM_SRA/d6734c0a-dc6d-4c3b-9cf8-caa9c6b4f693/call-singlem/attempt-2/ERR671937.singlem.json.gz	ERR671937
ERR687885	14	338	undefined	ERR687885
ERR687894	13	918	undefined	ERR687894
ERR753912	10	236	undefined	ERR753912
ERR753918	9	575	undefined	ERR753918
ERR753922	11	64	gs://fc-e68b90c4-861d-4507-8118-e88d1e871567/f66612ba-b5e0-4912-8d44-1f105c12d64d/SingleM_SRA/6767db4c-68cc-4c15-a4c8-9700e4ff16f4/call-singlem/ERR753922.singlem.json.gz	ERR753922
ERR753923	9	322	undefined	ERR753923
ERR753930	9	433	gs://fc-e68b90c4-861d-4507-8118-e88d1e871567/f66612ba-b5e0-4912-8d44-1f105c12d64d/SingleM_SRA/5bb341a9-5e41-4cdd-8073-cfaf9a6d6351/call-singlem/ERR753930.singlem.json.gz	ERR753930
SRR10011680	2	731	undefined	SRR10011680
SRR10011685	2	531	gs://fc-e68b90c4-861d-4507-8118-e88d1e871567/f66612ba-b5e0-4912-8d44-1f105c12d64d/SingleM_SRA/0129d20b-1bb9-445b-be8e-2ab9359b3465/call-singlem/SRR10011685.singlem.json.gz	SRR10011685
SRR10011692	2	703	gs://fc-e68b90c4-861d-4507-8118-e88d1e871567/f66612ba-b5e0-4912-8d44-1f105c12d64d/SingleM_SRA/de9dedfa-9ede-47af-b2ce-a81b79197da0/call-singlem/SRR10011692.singlem.json.gz	SRR10011692
SRR10011700	2	454	undefined	SRR10011700
SRR10011708	1	947	undefined	SRR10011708
SRR10011713	1	60	gs://fc-e68b90c4-861d-4507-8118-e88d1e871567/f66612ba-b5e0-4912-8d44-1f105c12d64d/SingleM_SRA/d51cac49-2f06-4611-8d71-16b7d2fa4331/call-singlem/SRR10011713.singlem.json.gz	SRR10011713
SRR10011715	2	822	undefined	SRR10011715
SRR10011718	2	201	gs://fc-e68b90c4-861d-4507-8118-e88d1e871567/f66612ba-b5e0-4912-8d44-1f105c12d64d/SingleM_SRA/bc1668b8-30c7-42a0-973b-ddb863743e7e/call-singlem/SRR10011718.singlem.json.gz	SRR10011718
SRR10011722	2	689	undefined	SRR10011722
SRR10011729	2	170	gs://fc-e68b90c4-861d-4507-8118-e88d1e871567/f66612ba-b5e0-4912-8d44-1f105c12d64d/SingleM_SRA/9adfae9b-1856-4c61-8434-5fc7225014dc/call-singlem/SRR10011729.singlem.json.gz	SRR10011729
SRR10011732	2	74	undefined	SRR10011732
SRR10011734	2	656	gs://fc-e68b90c4-861d-4507-8118-e88d1e871567/f66612ba-b5e0-4912-8d44-1f105c12d64d/SingleM_SRA/8a6d19ea-4740-4701-9434-c286fe32aa8f/call-singlem/SRR10011734.singlem.json.gz	SRR10011734
SRR10011736	2	898	undefined	SRR10011736
SRR10011754	2	550	undefined	SRR10011754
SRR10011770	14	393	gs://fc-e68b90c4-861d-4507-8118-e88d1e871567/f66612ba-b5e0-4912-8d44-1f105c12d64d/SingleM_SRA/d45abb77-acdb-413b-b4a1-75c34f2ced0d/call-singlem/SRR10011770.singlem.json.gz	SRR10011770
SRR10011773	2	136	undefined	SRR10011773
SRR10028489	5	598	undefined	SRR10028489
SRR10028495	8	205	undefined	SRR10028495
SRR10028500	6	992	gs://fc-e68b90c4-861d-4507-8118-e88d1e871567/f66612ba-b5e0-4912-8d44-1f105c12d64d/SingleM_SRA/16e98706-9417-4c4f-804d-a331b867eae7/call-singlem/attempt-2/SRR10028500.singlem.json.gz	SRR10028500
SRR10028502	6	959	undefined	SRR10028502
SRR10028504	6	420	gs://fc-e68b90c4-861d-4507-8118-e88d1e871567/f66612ba-b5e0-4912-8d44-1f105c12d64d/SingleM_SRA/53649c87-61b2-433a-8b1c-fa1b3b6beec8/call-singlem/SRR10028504.singlem.json.gz	SRR10028504
SRR10037599	12	202	undefined	SRR10037599
SRR10037601	10	227	undefined	SRR10037601
SRR10037602	9	485	undefined	SRR10037602
SRR10159354	9	394	undefined	SRR10159354
SRR10159355	18	572	gs://fc-e68b90c4-861d-4507-8118-e88d1e871567/f66612ba-b5e0-4912-8d44-1f105c12d64d/SingleM_SRA/08bedc88-75a9-4252-abe1-df2441d360f0/call-singlem/SRR10159355.singlem.json.gz	SRR10159355
SRR10260008	19	602	undefined	SRR10260008
SRR10360605	11	745	undefined	SRR10360605
SRR10360614	36	902	gs://fc-e68b90c4-861d-4507-8118-e88d1e871567/f66612ba-b5e0-4912-8d44-1f105c12d64d/SingleM_SRA/4a242727-97c4-4003-92cb-5981ef2a3d05/call-singlem/attempt-2/SRR10360614.singlem.json.gz	SRR10360614
SRR10360629	27	268	undefined	SRR10360629
SRR10360644	43	678	undefined	SRR10360644
SRR10360649	26	721	gs://fc-e68b90c4-861d-4507-8118-e88d1e871567/f66612ba-b5e0-4912-8d44-1f105c12d64d/SingleM_SRA/4dcc0a08-9f72-42ff-b34a-4b392719ab24/call-singlem/SRR10360649.singlem.json.gz	SRR10360649
SRR10445787	4	351	gs://fc-e68b90c4-861d-4507-8118-e88d1e871567/f66612ba-b5e0-4912-8d44-1f105c12d64d/SingleM_SRA/d26deed2-bf00-446a-989a-49c5476fc82f/call-singlem/SRR10445787.singlem.json.gz	SRR10445787
SRR10445792	11	222	undefined	SRR10445792
SRR10489819	16	333	undefined	SRR10489819
SRR10489821	15	490	undefined	SRR10489821
SRR10489831	15	142	gs://fc-e68b90c4-861d-4507-8118-e88d1e871567/f66612ba-b5e0-4912-8d44-1f105c12d64d/SingleM_SRA/070c4b47-b381-4e35-a35e-860496eb8438/call-singlem/SRR10489831.singlem.json.gz	SRR10489831
SRR10489834	17	150	gs://fc-e68b90c4-861d-4507-8118-e88d1e871567/f66612ba-b5e0-4912-8d44-1f105c12d64d/SingleM_SRA/09cd8930-b969-4966-a829-ce197595999d/call-singlem/SRR10489834.singlem.json.gz	SRR10489834
SRR10489835	17	112	undefined	SRR10489835
SRR10489836	15	680	undefined	SRR10489836
SRR10520895	34	13	gs://fc-e68b90c4-861d-4507-8118-e88d1e871567/f66612ba-b5e0-4912-8d44-1f105c12d64d/SingleM_SRA/e959d44a-a110-45b6-bde9-cb1cf43f39f1/call-singlem/SRR10520895.singlem.json.gz	SRR10520895
SRR10585488	6	156	undefined	SRR10585488
SRR10585490	4	22	undefined	SRR10585490
SRR10585522	5	732	gs://fc-e68b90c4-861d-4507-8118-e88d1e871567/f66612ba-b5e0-4912-8d44-1f105c12d64d/SingleM_SRA/53b0de5a-69fb-4d26-b375-2d95c0e1b003/call-singlem/SRR10585522.singlem.json.gz	SRR10585522
SRR10585532	3	177	gs://fc-e68b90c4-861d-4507-8118-e88d1e871567/f66612ba-b5e0-4912-8d44-1f105c12d64d/SingleM_SRA/ba8d3235-ce65-4bca-a9fa-96ed8e127687/call-singlem/SRR10585532.singlem.json.gz	SRR10585532
SRR10585568	4	103	undefined	SRR10585568
SRR10586124	4	973	undefined	SRR10586124
SRR10586129	4	875	gs://fc-e68b90c4-861d-4507-8118-e88d1e871567/f66612ba-b5e0-4912-8d44-1f105c12d64d/SingleM_SRA/7be374e2-c365-4989-84cc-6436eb33b325/call-singlem/SRR10586129.singlem.json.gz	SRR10586129
SRR10586131	5	250	gs://fc-e68b90c4-861d-4507-8118-e88d1e871567/f66612ba-b5e0-4912-8d44-1f105c12d64d/SingleM_SRA/9c9dfac3-6de7-4f59-812f-64f0df934bad/call-singlem/SRR10586131.singlem.json.gz	SRR10586131
SRR10857621	5	214	undefined	SRR10857621
SRR10895354	8	833	gs://fc-e68b90c4-861d-4507-8118-e88d1e871567/f66612ba-b5e0-4912-8d44-1f105c12d64d/SingleM_SRA/62daf63b-a59b-46e2-89c1-e355ad6327e2/call-singlem/SRR10895354.singlem.json.gz	SRR10895354
SRR10895359	9	934	undefined	SRR10895359
SRR10895361	8	402	undefined	SRR10895361
SRR11051942	6	1000	undefined	SRR11051942
SRR11051943	8	747	undefined	SRR11051943
SRR11051944	8	873	undefined	SRR11051944
SRR11051945	7	666	gs://fc-e68b90c4-861d-4507-8118-e88d1e871567/f66612ba-b5e0-4912-8d44-1f105c12d64d/SingleM_SRA/5d93c4da-6f74-45e6-b0c3-f2d0f4138da5/call-singlem/SRR11051945.singlem.json.gz	SRR11051945
SRR11051961	7	296	undefined	SRR11051961
SRR11051963	8	536	undefined	SRR11051963
SRR11092499	3	627	undefined	SRR11092499
SRR11092502	4	830	gs://fc-e68b90c4-861d-4507-8118-e88d1e871567/f66612ba-b5e0-4912-8d44-1f105c12d64d/SingleM_SRA/55a299eb-1775-4581-b47b-f1ed19b3d723/call-singlem/SRR11092502.singlem.json.gz	SRR11092502
SRR11092510	3	235	gs://fc-e68b90c4-861d-4507-8118-e88d1e871567/f66612ba-b5e0-4912-8d44-1f105c12d64d/SingleM_SRA/5ca9b633-3244-4432-9eec-29aed2b540b8/call-singlem/SRR11092510.singlem.json.gz	SRR11092510
SRR11108993	23	626	undefined	SRR11108993
SRR11285378	14	32	gs://fc-e68b90c4-861d-4507-8118-e88d1e871567/f66612ba-b5e0-4912-8d44-1f105c12d64d/SingleM_SRA/64f67e12-5b4f-411e-bf79-892d6d29c9fe/call-singlem/SRR11285378.singlem.json.gz	SRR11285378
SRR11310430	3	358	undefined	SRR11310430
SRR11467474	15	676	undefined	SRR11467474
SRR11467475	15	634	undefined	SRR11467475
SRR11467481	15	706	gs://fc-e68b90c4-861d-4507-8118-e88d1e871567/f66612ba-b5e0-4912-8d44-1f105c12d64d/SingleM_SRA/c3e9a798-8c65-4756-8955-fbdbb3eb9974/call-singlem/SRR11467481.singlem.json.gz	SRR11467481
SRR11482326	13	57	undefined	SRR11482326
SRR11482327	13	76	undefined	SRR11482327
SRR11482329	14	92	gs://fc-e68b90c4-861d-4507-8118-e88d1e871567/f66612ba-b5e0-4912-8d44-1f105c12d64d/SingleM_SRA/2c6e5b8f-2b70-4d3e-9987-4303af6141db/call-singlem/SRR11482329.singlem.json.gz	SRR11482329
SRR11482332	14	757	gs://fc-e68b90c4-861d-4507-8118-e88d1e871567/f66612ba-b5e0-4912-8d44-1f105c12d64d/SingleM_SRA/504e411a-1a93-4761-b019-42bf3c47bfdf/call-singlem/SRR11482332.singlem.json.gz	SRR11482332
SRR11482336	13	810	gs://fc-e68b90c4-861d-4507-8118-e88d1e871567/f66612ba-b5e0-4912-8d44-1f105c12d64d/SingleM_SRA/67230ef4-a328-48d1-954e-db1d56329bd4/call-singlem/attempt-2/SRR11482336.singlem.json.gz	SRR11482336
SRR11482344	13	849	gs://fc-e68b90c4-861d-4507-8118-e88d1e871567/f66612ba-b5e0-4912-8d44-1f105c12d64d/SingleM_SRA/f12c874b-68bb-4f23-8837-6279ad368a6d/call-singlem/SRR11482344.singlem.json.gz	SRR11482344
SRR11482348	14	568	undefined	SRR11482348
SRR11482350	13	614	undefined	SRR11482350
SRR11482353	13	995	undefined	SRR11482353
SRR11482363	14	591	undefined	SRR11482363
SRR11482388	13	851	gs://fc-e68b90c4-861d-4507-8118-e88d1e871567/f66612ba-b5e0-4912-8d44-1f105c12d64d/SingleM_SRA/6e7d0276-1d34-4e66-98ee-0f46fbcbb9a2/call-singlem/SRR11482388.singlem.json.gz	SRR11482388
SRR11482389	1	295	undefined	SRR11482389
SRR11482399	1	29	gs://fc-e68b90c4-861d-4507-8118-e88d1e871567/f66612ba-b5e0-4912-8d44-1f105c12d64d/SingleM_SRA/97261037-3c1d-4ae7-b482-e8c07f3d4956/call-singlem/SRR11482399.singlem.json.gz	SRR11482399
SRR11482400	1	154	undefined	SRR11482400
SRR11558096	19	264	undefined	SRR11558096
SRR11558097	9	593	undefined	SRR11558097
SRR11558232	14	140	gs://fc-e68b90c4-861d-4507-8118-e88d1e871567/f66612ba-b5e0-4912-8d44-1f105c12d64d/SingleM_SRA/1c3ced92-5821-4817-b1e7-066720f5712f/call-singlem/SRR11558232.singlem.json.gz	SRR11558232
SRR11558294	13	908	gs://fc-e68b90c4-861d-4507-8118-e88d1e871567/f66612ba-b5e0-4912-8d44-1f105c12d64d/SingleM_SRA/9beec4af-0758-48ad-99b8-0d1f8a40ae19/call-singlem/SRR11558294.singlem.json.gz	SRR11558294
SRR11567261	15	946	undefined	SRR11567261
SRR11582148	4	125	undefined	SRR11582148
SRR11582152	5	446	undefined	SRR11582152
SRR11582174	5	668	undefined	SRR11582174
SRR11593347	10	318	undefined	SRR11593347
SRR11594338	13	877	undefined	SRR11594338
SRR11703788	22	246	gs://fc-e68b90c4-861d-4507-8118-e88d1e871567/f66612ba-b5e0-4912-8d44-1f105c12d64d/SingleM_SRA/a980e547-00ae-4b33-948a-a9a2f2dee2ab/call-singlem/attempt-2/SRR11703788.singlem.json.gz	SRR11703788
SRR11719865	7	746	undefined	SRR11719865
SRR11719866	6	794	undefined	SRR11719866
SRR11719868	6	282	gs://fc-e68b90c4-861d-4507-8118-e88d1e871567/f66612ba-b5e0-4912-8d44-1f105c12d64d/SingleM_SRA/004d76d2-aca1-4a7b-a557-9b6d9fbd79ec/call-singlem/SRR11719868.singlem.json.gz	SRR11719868
SRR11719869	7	604	undefined	SRR11719869
SRR11719870	7	364	gs://fc-e68b90c4-861d-4507-8118-e88d1e871567/f66612ba-b5e0-4912-8d44-1f105c12d64d/SingleM_SRA/ed7ed04b-a81e-42df-ad1e-77e69eae0251/call-singlem/SRR11719870.singlem.json.gz	SRR11719870
SRR11776949	1	347	undefined	SRR11776949
SRR11776979	1	778	undefined	SRR11776979
SRR11776982	1	41	gs://fc-e68b90c4-861d-4507-8118-e88d1e871567/f66612ba-b5e0-4912-8d44-1f105c12d64d/SingleM_SRA/d387eb9f-1e76-47da-97f8-63da967154d9/call-singlem/SRR11776982.singlem.json.gz	SRR11776982
SRR11776996	1	925	gs://fc-e68b90c4-861d-4507-8118-e88d1e871567/f66612ba-b5e0-4912-8d44-1f105c12d64d/SingleM_SRA/404bfc07-8845-46f4-9bd5-d59433a0aea3/call-singlem/SRR11776996.singlem.json.gz	SRR11776996
SRR11776998	1	696	undefined	SRR11776998
SRR11777000	1	255	gs://fc-e68b90c4-861d-4507-8118-e88d1e871567/f66612ba-b5e0-4912-8d44-1f105c12d64d/SingleM_SRA/9c48dc35-e2c2-481b-841a-2737efadea93/call-singlem/SRR11777000.singlem.json.gz	SRR11777000
SRR11777009	1	862	undefined	SRR11777009
SRR11777012	1	644	undefined	SRR11777012
SRR11777016	1	346	undefined	SRR11777016
SRR11799520	10	909	undefined	SRR11799520
SRR11799735	10	345	undefined	SRR11799735
SRR11802901	10	674	undefined	SRR11802901
SRR11802902	12	174	undefined	SRR11802902
SRR11802908	14	289	gs://fc-e68b90c4-861d-4507-8118-e88d1e871567/f66612ba-b5e0-4912-8d44-1f105c12d64d/SingleM_SRA/42f00123-748e-4a77-acf2-305dd565a2d9/call-singlem/attempt-4/SRR11802908.singlem.json.gz	SRR11802908
SRR11802913	11	510	gs://fc-e68b90c4-861d-4507-8118-e88d1e871567/f66612ba-b5e0-4912-8d44-1f105c12d64d/SingleM_SRA/f4e4f16e-807e-4d8c-a19e-b577e1265cf9/call-singlem/SRR11802913.singlem.json.gz	SRR11802913
SRR11805609	7	723	gs://fc-e68b90c4-861d-4507-8118-e88d1e871567/f66612ba-b5e0-4912-8d44-1f105c12d64d/SingleM_SRA/ea656f27-52ee-4336-8352-e3f88b30af34/call-singlem/SRR11805609.singlem.json.gz	SRR11805609
SRR11823716	11	68	gs://fc-e68b90c4-861d-4507-8118-e88d1e871567/f66612ba-b5e0-4912-8d44-1f105c12d64d/SingleM_SRA/87f1af3b-d7bc-47d3-b0d0-703f0832e161/call-singlem/SRR11823716.singlem.json.gz	SRR11823716
SRR11823718	12	663	undefined	SRR11823718
SRR11823719	12	105	gs://fc-e68b90c4-861d-4507-8118-e88d1e871567/f66612ba-b5e0-4912-8d44-1f105c12d64d/SingleM_SRA/2cbd6907-6d53-44f9-aee8-09e5027d2dd7/call-singlem/SRR11823719.singlem.json.gz	SRR11823719
SRR11832710	69	516	undefined	SRR11832710
SRR11834726	54	685	gs://fc-e68b90c4-861d-4507-8118-e88d1e871567/f66612ba-b5e0-4912-8d44-1f105c12d64d/SingleM_SRA/974dfd6f-e8a6-4e2a-b466-5b8dddeb47a4/call-singlem/attempt-2/SRR11834726.singlem.json.gz	SRR11834726
SRR11834744	70	102	undefined	SRR11834744
SRR11835640	41	465	undefined	SRR11835640
SRR11837216	35	278	gs://fc-e68b90c4-861d-4507-8118-e88d1e871567/f66612ba-b5e0-4912-8d44-1f105c12d64d/SingleM_SRA/0aaa1895-84c2-4cb8-ab28-1d97120c333a/call-singlem/SRR11837216.singlem.json.gz	SRR11837216
SRR11842108	57	781	undefined	SRR11842108
SRR12030747	10	878	undefined	SRR12030747
SRR12030752	17	36	undefined	SRR12030752
SRR12030761	15	188	undefined	SRR12030761
SRR12030762	20	966	undefined	SRR12030762
SRR12030764	24	991	gs://fc-e68b90c4-861d-4507-8118-e88d1e871567/f66612ba-b5e0-4912-8d44-1f105c12d64d/SingleM_SRA/ad5b518e-658d-4e98-ba12-99719f9f8491/call-singlem/SRR12030764.singlem.json.gz	SRR12030764
SRR12030766	14	708	undefined	SRR12030766
SRR12030768	15	740	undefined	SRR12030768
SRR12030769	14	471	undefined	SRR12030769
SRR12030770	17	173	undefined	SRR12030770
SRR12030775	15	304	gs://fc-e68b90c4-861d-4507-8118-e88d1e871567/f66612ba-b5e0-4912-8d44-1f105c12d64d/SingleM_SRA/244e2e57-bec1-4238-aa72-8263467006aa/call-singlem/SRR12030775.singlem.json.gz	SRR12030775
SRR12059671	14	253	undefined	SRR12059671
SRR12059672	13	183	gs://fc-e68b90c4-861d-4507-8118-e88d1e871567/f66612ba-b5e0-4912-8d44-1f105c12d64d/SingleM_SRA/460f4b8e-3f33-41c9-aad5-63530de816e5/call-singlem/SRR12059672.singlem.json.gz	SRR12059672
SRR12059674	11	144	undefined	SRR12059674
SRR12059677	11	562	gs://fc-e68b90c4-861d-4507-8118-e88d1e871567/f66612ba-b5e0-4912-8d44-1f105c12d64d/SingleM_SRA/62a3f456-7135-4a75-a162-69fe9cd40d0d/call-singlem/SRR12059677.singlem.json.gz	SRR12059677
SRR12087330	6	532	undefined	SRR12087330
SRR12102599	10	352	undefined	SRR12102599
SRR12137140	17	259	undefined	SRR12137140
SRR12149476	51	292	undefined	SRR12149476
SRR12150545	18	515	gs://fc-e68b90c4-861d-4507-8118-e88d1e871567/f66612ba-b5e0-4912-8d44-1f105c12d64d/SingleM_SRA/4183e007-65e0-4b59-b127-8550940e5efb/call-singlem/SRR12150545.singlem.json.gz	SRR12150545
SRR12150673	18	512	gs://fc-e68b90c4-861d-4507-8118-e88d1e871567/f66612ba-b5e0-4912-8d44-1f105c12d64d/SingleM_SRA/80db8570-900a-4d17-97f8-977053fa5d47/call-singlem/SRR12150673.singlem.json.gz	SRR12150673
SRR12170511	16	720	undefined	SRR12170511
SRR12170518	14	284	undefined	SRR12170518
SRR12175367	1	72	gs://fc-e68b90c4-861d-4507-8118-e88d1e871567/f66612ba-b5e0-4912-8d44-1f105c12d64d/SingleM_SRA/fb70fb41-20f2-40df-8161-44b21c07c5db/call-singlem/SRR12175367.singlem.json.gz	SRR12175367
SRR12216032	30	660	undefined	SRR12216032
SRR12216039	35	286	gs://fc-e68b90c4-861d-4507-8118-e88d1e871567/f66612ba-b5e0-4912-8d44-1f105c12d64d/SingleM_SRA/068a0e4f-7138-4e71-8d09-0af2a1db022f/call-singlem/SRR12216039.singlem.json.gz	SRR12216039
SRR12277191	6	646	undefined	SRR12277191
SRR12277202	5	637	undefined	SRR12277202
SRR12313479	14	616	undefined	SRR12313479
SRR12313480	13	779	gs://fc-e68b90c4-861d-4507-8118-e88d1e871567/f66612ba-b5e0-4912-8d44-1f105c12d64d/SingleM_SRA/fc372203-1d78-4aa4-aae0-e61508fa5c4a/call-singlem/SRR12313480.singlem.json.gz	SRR12313480
SRR12313481	12	792	undefined	SRR12313481
SRR12313484	33	460	undefined	SRR12313484
SRR12344468	14	231	undefined	SRR12344468
SRR12344469	12	257	gs://fc-e68b90c4-861d-4507-8118-e88d1e871567/f66612ba-b5e0-4912-8d44-1f105c12d64d/SingleM_SRA/c7154660-30e3-4f0d-adba-490514e27cf2/call-singlem/SRR12344469.singlem.json.gz	SRR12344469
SRR12347813	13	398	undefined	SRR12347813
SRR12347816	10	982	undefined	SRR12347816
SRR12347819	14	487	gs://fc-e68b90c4-861d-4507-8118-e88d1e871567/f66612ba-b5e0-4912-8d44-1f105c12d64d/SingleM_SRA/44c6ce36-c83c-4e18-b1c8-bb9eb349f145/call-singlem/attempt-2/SRR12347819.singlem.json.gz	SRR12347819
SRR12347820	13	806	undefined	SRR12347820
SRR12354358	13	176	undefined	SRR12354358
SRR12354359	13	828	undefined	SRR12354359
SRR12362148	12	321	undefined	SRR12362148
SRR12362780	11	52	undefined	SRR12362780
SRR12377062	5	251	undefined	SRR12377062
SRR12377070	6	2	undefined	SRR12377070
SRR12418378	8	317	undefined	SRR12418378
SRR12418384	8	186	gs://fc-e68b90c4-861d-4507-8118-e88d1e871567/f66612ba-b5e0-4912-8d44-1f105c12d64d/SingleM_SRA/29bcc785-5e00-44d3-919f-aeff00d703be/call-singlem/SRR12418384.singlem.json.gz	SRR12418384
SRR12418385	7	429	gs://fc-e68b90c4-861d-4507-8118-e88d1e871567/f66612ba-b5e0-4912-8d44-1f105c12d64d/SingleM_SRA/bf254141-dd48-4b8d-b1a3-1117a2adc46e/call-singlem/SRR12418385.singlem.json.gz	SRR12418385
SRR12473531	7	924	gs://fc-e68b90c4-861d-4507-8118-e88d1e871567/f66612ba-b5e0-4912-8d44-1f105c12d64d/SingleM_SRA/a2857e11-732c-4984-b15c-1fb651dc6302/call-singlem/attempt-2/SRR12473531.singlem.json.gz	SRR12473531
SRR12473538	7	287	undefined	SRR12473538
SRR12608597	16	753	gs://fc-e68b90c4-861d-4507-8118-e88d1e871567/f66612ba-b5e0-4912-8d44-1f105c12d64d/SingleM_SRA/3e79679c-af95-4860-991a-1d17c4e94ac0/call-singlem/SRR12608597.singlem.json.gz	SRR12608597
SRR12608598	16	728	undefined	SRR12608598
SRR12608600	17	920	gs://fc-e68b90c4-861d-4507-8118-e88d1e871567/f66612ba-b5e0-4912-8d44-1f105c12d64d/SingleM_SRA/eaf065cf-ce90-43dd-83d2-6bf8e59553b6/call-singlem/SRR12608600.singlem.json.gz	SRR12608600
SRR12608601	15	34	undefined	SRR12608601
SRR12613919	12	272	undefined	SRR12613919
SRR12613920	14	334	undefined	SRR12613920
SRR12659365	61	597	undefined	SRR12659365
SRR12686376	10	774	undefined	SRR12686376
SRR12687789	1	961	undefined	SRR12687789
SRR12687793	3	937	undefined	SRR12687793
SRR12687795	2	274	undefined	SRR12687795
SRR12687811	2	620	undefined	SRR12687811
SRR12687813	2	391	undefined	SRR12687813
SRR12687830	3	71	undefined	SRR12687830
SRR12689504	14	281	undefined	SRR12689504
SRR12689505	14	976	gs://fc-e68b90c4-861d-4507-8118-e88d1e871567/f66612ba-b5e0-4912-8d44-1f105c12d64d/SingleM_SRA/17ec5e33-1ef9-42c4-8401-c29ff8b3eadc/call-singlem/SRR12689505.singlem.json.gz	SRR12689505
SRR12695109	18	179	undefined	SRR12695109
SRR12695113	17	508	undefined	SRR12695113
SRR12695114	20	690	undefined	SRR12695114
SRR12695120	18	360	undefined	SRR12695120
SRR12695123	22	507	undefined	SRR12695123
SRR12695124	19	98	undefined	SRR12695124
SRR12696335	3	69	undefined	SRR12696335
SRR12696340	3	302	gs://fc-e68b90c4-861d-4507-8118-e88d1e871567/f66612ba-b5e0-4912-8d44-1f105c12d64d/SingleM_SRA/8393bbb4-94fe-4c1c-a897-e2c7922e7ae2/call-singlem/SRR12696340.singlem.json.gz	SRR12696340
SRR12717696	14	494	undefined	SRR12717696
SRR12717698	12	399	undefined	SRR12717698
SRR12721342	7	576	gs://fc-e68b90c4-861d-4507-8118-e88d1e871567/f66612ba-b5e0-4912-8d44-1f105c12d64d/SingleM_SRA/c01480c3-8567-4d8b-b853-7e6682171503/call-singlem/SRR12721342.singlem.json.gz	SRR12721342
SRR12721347	8	567	undefined	SRR12721347
SRR12721352	7	599	gs://fc-e68b90c4-861d-4507-8118-e88d1e871567/f66612ba-b5e0-4912-8d44-1f105c12d64d/SingleM_SRA/f73378e9-801d-487f-9e10-0c9345327273/call-singlem/SRR12721352.singlem.json.gz	SRR12721352
SRR12736056	24	1	gs://fc-e68b90c4-861d-4507-8118-e88d1e871567/f66612ba-b5e0-4912-8d44-1f105c12d64d/SingleM_SRA/1436bf01-197f-4df9-89f5-b4c4038ff7f6/call-singlem/SRR12736056.singlem.json.gz	SRR12736056
SRR12736057	14	380	gs://fc-e68b90c4-861d-4507-8118-e88d1e871567/f66612ba-b5e0-4912-8d44-1f105c12d64d/SingleM_SRA/0ec758f4-ee6f-415d-9b06-379d157c36b6/call-singlem/SRR12736057.singlem.json.gz	SRR12736057
SRR12736059	19	684	undefined	SRR12736059
SRR12756232	8	151	gs://fc-e68b90c4-861d-4507-8118-e88d1e871567/f66612ba-b5e0-4912-8d44-1f105c12d64d/SingleM_SRA/8abac5a8-d019-4aaa-93ad-165bb001a1e5/call-singlem/SRR12756232.singlem.json.gz	SRR12756232
SRR12756251	10	628	gs://fc-e68b90c4-861d-4507-8118-e88d1e871567/f66612ba-b5e0-4912-8d44-1f105c12d64d/SingleM_SRA/7c9f7167-d380-438c-a3f4-a24ba7cd768f/call-singlem/SRR12756251.singlem.json.gz	SRR12756251
SRR12805506	7	977	gs://fc-e68b90c4-861d-4507-8118-e88d1e871567/f66612ba-b5e0-4912-8d44-1f105c12d64d/SingleM_SRA/a357d190-0d55-4947-a090-1db168b40f2f/call-singlem/SRR12805506.singlem.json.gz	SRR12805506
SRR12844103	17	372	gs://fc-e68b90c4-861d-4507-8118-e88d1e871567/f66612ba-b5e0-4912-8d44-1f105c12d64d/SingleM_SRA/c1c1c267-96c1-4223-8201-61c2405d7e70/call-singlem/SRR12844103.singlem.json.gz	SRR12844103
SRR12844108	17	199	undefined	SRR12844108
SRR12844126	14	949	undefined	SRR12844126
SRR12844128	15	818	gs://fc-e68b90c4-861d-4507-8118-e88d1e871567/f66612ba-b5e0-4912-8d44-1f105c12d64d/SingleM_SRA/d3b65e62-5832-4bdf-9351-ddeacb0c4edb/call-singlem/SRR12844128.singlem.json.gz	SRR12844128
SRR12915128	2	850	undefined	SRR12915128
SRR12915130	3	765	undefined	SRR12915130
SRR12915131	2	535	undefined	SRR12915131
SRR12915136	2	5	gs://fc-e68b90c4-861d-4507-8118-e88d1e871567/f66612ba-b5e0-4912-8d44-1f105c12d64d/SingleM_SRA/6148e85e-5811-4fab-9b06-bf08ca2b2f50/call-singlem/SRR12915136.singlem.json.gz	SRR12915136
SRR12915141	3	373	undefined	SRR12915141
SRR12915144	2	175	gs://fc-e68b90c4-861d-4507-8118-e88d1e871567/f66612ba-b5e0-4912-8d44-1f105c12d64d/SingleM_SRA/4a511bb1-a780-40a1-972c-ce75357c4d70/call-singlem/SRR12915144.singlem.json.gz	SRR12915144
SRR12915145	2	437	undefined	SRR12915145
SRR12915147	1	784	undefined	SRR12915147
SRR12915151	1	377	undefined	SRR12915151
SRR12915161	1	410	gs://fc-e68b90c4-861d-4507-8118-e88d1e871567/f66612ba-b5e0-4912-8d44-1f105c12d64d/SingleM_SRA/c91f9d86-53f7-4504-8e58-eac59849e64c/call-singlem/SRR12915161.singlem.json.gz	SRR12915161
SRR12915187	3	505	undefined	SRR12915187
SRR12915190	2	577	undefined	SRR12915190
SRR12915195	3	300	undefined	SRR12915195
SRR12915200	2	665	undefined	SRR12915200
SRR12915215	2	913	gs://fc-e68b90c4-861d-4507-8118-e88d1e871567/f66612ba-b5e0-4912-8d44-1f105c12d64d/SingleM_SRA/96749adf-b903-41a6-bfd4-90fcea91df7f/call-singlem/SRR12915215.singlem.json.gz	SRR12915215
SRR12915216	3	311	undefined	SRR12915216
SRR12915217	3	209	undefined	SRR12915217
SRR12915220	3	348	undefined	SRR12915220
SRR12915221	3	907	gs://fc-e68b90c4-861d-4507-8118-e88d1e871567/f66612ba-b5e0-4912-8d44-1f105c12d64d/SingleM_SRA/9a150552-bccd-42fe-9c67-15be32c1f529/call-singlem/SRR12915221.singlem.json.gz	SRR12915221
SRR12915230	3	832	undefined	SRR12915230
SRR12915231	2	741	undefined	SRR12915231
SRR12915235	3	996	undefined	SRR12915235
SRR12915238	3	357	gs://fc-e68b90c4-861d-4507-8118-e88d1e871567/f66612ba-b5e0-4912-8d44-1f105c12d64d/SingleM_SRA/6daa0ed5-51f4-4f01-bb15-7c753b8e655e/call-singlem/SRR12915238.singlem.json.gz	SRR12915238
SRR12915261	3	407	gs://fc-e68b90c4-861d-4507-8118-e88d1e871567/f66612ba-b5e0-4912-8d44-1f105c12d64d/SingleM_SRA/f142c78f-a675-4002-a13d-076d6191321f/call-singlem/SRR12915261.singlem.json.gz	SRR12915261
SRR12915266	3	104	gs://fc-e68b90c4-861d-4507-8118-e88d1e871567/f66612ba-b5e0-4912-8d44-1f105c12d64d/SingleM_SRA/2f55082a-effc-4953-a39b-9c3903b3f2d8/call-singlem/SRR12915266.singlem.json.gz	SRR12915266
SRR12915267	2	78	gs://fc-e68b90c4-861d-4507-8118-e88d1e871567/f66612ba-b5e0-4912-8d44-1f105c12d64d/SingleM_SRA/6b805292-77ab-4b1b-997d-74cd2b8adb7c/call-singlem/SRR12915267.singlem.json.gz	SRR12915267
SRR12915268	3	185	undefined	SRR12915268
SRR12915270	3	435	gs://fc-e68b90c4-861d-4507-8118-e88d1e871567/f66612ba-b5e0-4912-8d44-1f105c12d64d/SingleM_SRA/57276ada-e7bf-4315-9317-5dd2defa67e2/call-singlem/SRR12915270.singlem.json.gz	SRR12915270
SRR12915274	2	683	undefined	SRR12915274
SRR12915275	2	254	undefined	SRR12915275
SRR12915278	2	197	gs://fc-e68b90c4-861d-4507-8118-e88d1e871567/f66612ba-b5e0-4912-8d44-1f105c12d64d/SingleM_SRA/69d218cc-6e7d-476d-9b36-52f05ca9ca8c/call-singlem/SRR12915278.singlem.json.gz	SRR12915278
SRR12915287	2	320	undefined	SRR12915287
SRR12915293	2	414	undefined	SRR12915293
SRR12915304	2	153	undefined	SRR12915304
SRR12915312	3	128	undefined	SRR12915312
SRR12915317	3	782	undefined	SRR12915317
SRR12915320	2	763	undefined	SRR12915320
SRR12915326	2	633	gs://fc-e68b90c4-861d-4507-8118-e88d1e871567/f66612ba-b5e0-4912-8d44-1f105c12d64d/SingleM_SRA/aaad8902-69c2-4400-aac0-4e2addcab199/call-singlem/SRR12915326.singlem.json.gz	SRR12915326
SRR12915327	1	96	gs://fc-e68b90c4-861d-4507-8118-e88d1e871567/f66612ba-b5e0-4912-8d44-1f105c12d64d/SingleM_SRA/62e419a1-8c3a-41b5-9e89-22eeecdfbcb8/call-singlem/SRR12915327.singlem.json.gz	SRR12915327
SRR12915329	2	618	gs://fc-e68b90c4-861d-4507-8118-e88d1e871567/f66612ba-b5e0-4912-8d44-1f105c12d64d/SingleM_SRA/1810b010-7309-4da7-a8b6-dba3dd982dd3/call-singlem/SRR12915329.singlem.json.gz	SRR12915329
SRR12915334	2	608	gs://fc-e68b90c4-861d-4507-8118-e88d1e871567/f66612ba-b5e0-4912-8d44-1f105c12d64d/SingleM_SRA/08642da6-e6e0-41c4-bfb1-1020aa91816a/call-singlem/SRR12915334.singlem.json.gz	SRR12915334
SRR12915336	2	783	undefined	SRR12915336
SRR12915347	2	232	undefined	SRR12915347
SRR12917102	15	359	gs://fc-e68b90c4-861d-4507-8118-e88d1e871567/f66612ba-b5e0-4912-8d44-1f105c12d64d/SingleM_SRA/042722d2-d4a4-45f5-a1f9-d77d6cdb7397/call-singlem/SRR12917102.singlem.json.gz	SRR12917102
SRR12951230	28	468	undefined	SRR12951230
SRR12952107	39	812	undefined	SRR12952107
SRR12953085	54	80	undefined	SRR12953085
SRR12953107	42	476	undefined	SRR12953107
SRR12953108	38	319	undefined	SRR12953108
SRR13077011	3	785	undefined	SRR13077011
SRR13077025	3	430	undefined	SRR13077025
SRR13094682	15	707	gs://fc-e68b90c4-861d-4507-8118-e88d1e871567/f66612ba-b5e0-4912-8d44-1f105c12d64d/SingleM_SRA/54d246af-4730-40b6-925a-080eefa92ffc/call-singlem/SRR13094682.singlem.json.gz	SRR13094682
SRR13192682	28	695	gs://fc-e68b90c4-861d-4507-8118-e88d1e871567/f66612ba-b5e0-4912-8d44-1f105c12d64d/SingleM_SRA/601da558-6cbe-4336-be91-ec78abc3e587/call-singlem/SRR13192682.singlem.json.gz	SRR13192682
SRR13201615	10	950	undefined	SRR13201615
SRR13212011	3	385	gs://fc-e68b90c4-861d-4507-8118-e88d1e871567/f66612ba-b5e0-4912-8d44-1f105c12d64d/SingleM_SRA/aa67a346-a012-44a4-ac2d-801a4f9609b9/call-singlem/SRR13212011.singlem.json.gz	SRR13212011
SRR13213149	3	422	undefined	SRR13213149
SRR13213344	2	135	undefined	SRR13213344
SRR13213345	3	852	gs://fc-e68b90c4-861d-4507-8118-e88d1e871567/f66612ba-b5e0-4912-8d44-1f105c12d64d/SingleM_SRA/b0a927ea-6588-40c6-a94c-29dcf7a9a314/call-singlem/SRR13213345.singlem.json.gz	SRR13213345
SRR13213349	3	129	gs://fc-e68b90c4-861d-4507-8118-e88d1e871567/f66612ba-b5e0-4912-8d44-1f105c12d64d/SingleM_SRA/57c5c206-e074-40fc-a0aa-310f0ec6de31/call-singlem/SRR13213349.singlem.json.gz	SRR13213349
SRR13213356	2	816	gs://fc-e68b90c4-861d-4507-8118-e88d1e871567/f66612ba-b5e0-4912-8d44-1f105c12d64d/SingleM_SRA/5b7b7403-8b26-44d7-a189-1de9e2980fb7/call-singlem/SRR13213356.singlem.json.gz	SRR13213356
SRR13213789	3	551	gs://fc-e68b90c4-861d-4507-8118-e88d1e871567/f66612ba-b5e0-4912-8d44-1f105c12d64d/SingleM_SRA/bc9d897d-fc3f-40fe-b183-99762c9ddec3/call-singlem/SRR13213789.singlem.json.gz	SRR13213789
SRR13213806	2	330	gs://fc-e68b90c4-861d-4507-8118-e88d1e871567/f66612ba-b5e0-4912-8d44-1f105c12d64d/SingleM_SRA/0abf3329-124f-4d36-b9b4-f36c395d3326/call-singlem/SRR13213806.singlem.json.gz	SRR13213806
SRR13213807	3	113	undefined	SRR13213807
SRR13213827	3	823	gs://fc-e68b90c4-861d-4507-8118-e88d1e871567/f66612ba-b5e0-4912-8d44-1f105c12d64d/SingleM_SRA/e6341320-8aed-4cb9-a078-d26c18f4313f/call-singlem/SRR13213827.singlem.json.gz	SRR13213827
SRR13213829	1	764	undefined	SRR13213829
SRR13213887	3	421	gs://fc-e68b90c4-861d-4507-8118-e88d1e871567/f66612ba-b5e0-4912-8d44-1f105c12d64d/SingleM_SRA/008f74b0-3a43-41e3-9756-9ff3d45b138c/call-singlem/SRR13213887.singlem.json.gz	SRR13213887
SRR13213889	3	500	undefined	SRR13213889
SRR13213893	2	872	undefined	SRR13213893
SRR13213983	2	829	undefined	SRR13213983
SRR13215193	1	160	gs://fc-e68b90c4-861d-4507-8118-e88d1e871567/f66612ba-b5e0-4912-8d44-1f105c12d64d/SingleM_SRA/8676d158-5bb0-4e8c-bf01-a19a32cc35f2/call-singlem/SRR13215193.singlem.json.gz	SRR13215193
SRR13215332	3	298	undefined	SRR13215332
SRR13215595	2	855	gs://fc-e68b90c4-861d-4507-8118-e88d1e871567/f66612ba-b5e0-4912-8d44-1f105c12d64d/SingleM_SRA/ed35613c-20b5-4166-ba18-a4de1208beea/call-singlem/SRR13215595.singlem.json.gz	SRR13215595
SRR13217238	2	712	undefined	SRR13217238
SRR13218602	2	641	undefined	SRR13218602
SRR13218769	2	309	undefined	SRR13218769
SRR13219825	3	53	undefined	SRR13219825
SRR13219899	2	717	undefined	SRR13219899
SRR13220801	2	467	undefined	SRR13220801
SRR13221424	3	590	undefined	SRR13221424
SRR13221470	2	432	gs://fc-e68b90c4-861d-4507-8118-e88d1e871567/f66612ba-b5e0-4912-8d44-1f105c12d64d/SingleM_SRA/20351cfc-9f55-487c-8088-7287e90706f6/call-singlem/SRR13221470.singlem.json.gz	SRR13221470
SRR13221495	3	837	undefined	SRR13221495
SRR13221757	2	193	undefined	SRR13221757
SRR13221759	3	472	undefined	SRR13221759
SRR13221797	2	698	undefined	SRR13221797
SRR13221869	2	73	undefined	SRR13221869
SRR13221970	2	945	undefined	SRR13221970
SRR13221971	2	750	gs://fc-e68b90c4-861d-4507-8118-e88d1e871567/f66612ba-b5e0-4912-8d44-1f105c12d64d/SingleM_SRA/fd82dbab-a2b9-497d-befc-1b9272050710/call-singlem/SRR13221971.singlem.json.gz	SRR13221971
SRR13221973	3	349	undefined	SRR13221973
SRR13221975	2	387	undefined	SRR13221975
SRR13221977	2	45	undefined	SRR13221977
SRR13222411	2	679	gs://fc-e68b90c4-861d-4507-8118-e88d1e871567/f66612ba-b5e0-4912-8d44-1f105c12d64d/SingleM_SRA/218936a8-f85e-4ea1-8364-b6eb98f2f863/call-singlem/SRR13222411.singlem.json.gz	SRR13222411
SRR13222436	4	481	undefined	SRR13222436
SRR13222456	3	79	undefined	SRR13222456
SRR13222457	3	987	gs://fc-e68b90c4-861d-4507-8118-e88d1e871567/f66612ba-b5e0-4912-8d44-1f105c12d64d/SingleM_SRA/39430572-0950-40c9-9e04-a98e6c1a4194/call-singlem/SRR13222457.singlem.json.gz	SRR13222457
SRR13222555	3	847	undefined	SRR13222555
SRR13223794	3	315	undefined	SRR13223794
SRR13224844	3	926	undefined	SRR13224844
SRR13228366	2	81	undefined	SRR13228366
SRR13228382	3	573	gs://fc-e68b90c4-861d-4507-8118-e88d1e871567/f66612ba-b5e0-4912-8d44-1f105c12d64d/SingleM_SRA/cc0939cd-3f89-4619-86da-a363b080afc5/call-singlem/SRR13228382.singlem.json.gz	SRR13228382
SRR13228660	3	547	undefined	SRR13228660
SRR13234095	3	190	undefined	SRR13234095
SRR13235785	2	305	undefined	SRR13235785
SRR13236435	2	897	undefined	SRR13236435
SRR13236762	2	673	undefined	SRR13236762
SRR13243313	3	196	gs://fc-e68b90c4-861d-4507-8118-e88d1e871567/f66612ba-b5e0-4912-8d44-1f105c12d64d/SingleM_SRA/29615f17-f345-47f6-a6d8-b78a52e384cc/call-singlem/SRR13243313.singlem.json.gz	SRR13243313
SRR13245401	2	498	undefined	SRR13245401
SRR13296318	5	111	undefined	SRR13296318
SRR13296331	7	983	undefined	SRR13296331
SRR13296333	6	521	gs://fc-e68b90c4-861d-4507-8118-e88d1e871567/f66612ba-b5e0-4912-8d44-1f105c12d64d/SingleM_SRA/465978b3-a109-4782-b48e-9630a660c1c1/call-singlem/SRR13296333.singlem.json.gz	SRR13296333
SRR13296334	5	780	undefined	SRR13296334
SRR13296338	2	922	gs://fc-e68b90c4-861d-4507-8118-e88d1e871567/f66612ba-b5e0-4912-8d44-1f105c12d64d/SingleM_SRA/ff170ac5-9013-4be9-baf4-dea6d3b98eba/call-singlem/SRR13296338.singlem.json.gz	SRR13296338
SRR13296343	6	754	undefined	SRR13296343
SRR13296349	4	344	gs://fc-e68b90c4-861d-4507-8118-e88d1e871567/f66612ba-b5e0-4912-8d44-1f105c12d64d/SingleM_SRA/a948eac6-cff3-4b02-b6d9-755cb8ad6746/call-singlem/SRR13296349.singlem.json.gz	SRR13296349
SRR13298155	14	638	undefined	SRR13298155
SRR13298163	19	451	undefined	SRR13298163
SRR13298164	14	244	undefined	SRR13298164
SRR13304095	4	857	undefined	SRR13304095
SRR13304097	9	356	gs://fc-e68b90c4-861d-4507-8118-e88d1e871567/f66612ba-b5e0-4912-8d44-1f105c12d64d/SingleM_SRA/5c418b14-4680-4ee3-8d83-f7059b7f57ce/call-singlem/attempt-2/SRR13304097.singlem.json.gz	SRR13304097
SRR13312979	35	397	gs://fc-e68b90c4-861d-4507-8118-e88d1e871567/f66612ba-b5e0-4912-8d44-1f105c12d64d/SingleM_SRA/931c76a4-0b9b-420a-8e51-7c1dfc438158/call-singlem/attempt-2/SRR13312979.singlem.json.gz	SRR13312979
SRR13557796	26	883	undefined	SRR13557796
SRR13590454	12	390	undefined	SRR13590454
SRR13614380	13	541	undefined	SRR13614380
SRR13614393	12	675	gs://fc-e68b90c4-861d-4507-8118-e88d1e871567/f66612ba-b5e0-4912-8d44-1f105c12d64d/SingleM_SRA/98afad6a-2f3c-403e-a20f-96db4a2fcd01/call-singlem/SRR13614393.singlem.json.gz	SRR13614393
SRR13614395	12	640	undefined	SRR13614395
SRR13614397	14	935	undefined	SRR13614397
SRR13614400	12	630	undefined	SRR13614400
SRR13614414	13	228	gs://fc-e68b90c4-861d-4507-8118-e88d1e871567/f66612ba-b5e0-4912-8d44-1f105c12d64d/SingleM_SRA/5038ef37-a1f6-450a-b0c7-e3dfda802395/call-singlem/SRR13614414.singlem.json.gz	SRR13614414
SRR13614422	13	431	undefined	SRR13614422
SRR13647664	2	269	gs://fc-e68b90c4-861d-4507-8118-e88d1e871567/f66612ba-b5e0-4912-8d44-1f105c12d64d/SingleM_SRA/56e5b347-c4bb-4352-af26-0a659effd323/call-singlem/SRR13647664.singlem.json.gz	SRR13647664
SRR13647669	3	461	undefined	SRR13647669
SRR13647670	4	42	undefined	SRR13647670
SRR13647671	3	716	gs://fc-e68b90c4-861d-4507-8118-e88d1e871567/f66612ba-b5e0-4912-8d44-1f105c12d64d/SingleM_SRA/1bb0efb3-52f2-46d5-b2b1-c38ac506bb4c/call-singlem/SRR13647671.singlem.json.gz	SRR13647671
SRR13766245	8	101	gs://fc-e68b90c4-861d-4507-8118-e88d1e871567/f66612ba-b5e0-4912-8d44-1f105c12d64d/SingleM_SRA/9a7d872e-8d03-454e-a8bd-9710fdfd559c/call-singlem/SRR13766245.singlem.json.gz	SRR13766245
SRR13780020	27	735	gs://fc-e68b90c4-861d-4507-8118-e88d1e871567/f66612ba-b5e0-4912-8d44-1f105c12d64d/SingleM_SRA/567b6e5e-1b31-4c98-aa95-afc5c955b6d9/call-singlem/SRR13780020.singlem.json.gz	SRR13780020
SRR13781415	21	941	undefined	SRR13781415
SRR13781757	27	384	undefined	SRR13781757
SRR13933241	7	709	undefined	SRR13933241
SRR13933248	7	974	undefined	SRR13933248
SRR13933255	7	899	undefined	SRR13933255
SRR13933275	6	948	undefined	SRR13933275
SRR1569894	4	306	gs://fc-e68b90c4-861d-4507-8118-e88d1e871567/f66612ba-b5e0-4912-8d44-1f105c12d64d/SingleM_SRA/2baa37ea-9fcd-42a3-b1b7-e8cb533f37f6/call-singlem/SRR1569894.singlem.json.gz	SRR1569894
SRR1783764	6	127	undefined	SRR1783764
SRR2093878	8	770	undefined	SRR2093878
SRR2093880	5	787	undefined	SRR2093880
SRR2134089	1	426	undefined	SRR2134089
SRR2134094	1	55	undefined	SRR2134094
SRR2134098	1	263	undefined	SRR2134098
SRR2134104	1	43	undefined	SRR2134104
SRR2134109	1	561	undefined	SRR2134109
SRR2187427	1	773	undefined	SRR2187427
SRR2187580	1	184	gs://fc-e68b90c4-861d-4507-8118-e88d1e871567/f66612ba-b5e0-4912-8d44-1f105c12d64d/SingleM_SRA/3adf28c0-116a-403d-99ce-3341b44d1405/call-singlem/SRR2187580.singlem.json.gz	SRR2187580
SRR2187584	1	114	gs://fc-e68b90c4-861d-4507-8118-e88d1e871567/f66612ba-b5e0-4912-8d44-1f105c12d64d/SingleM_SRA/9b468ffc-0c59-4dca-99f7-08ecae688922/call-singlem/SRR2187584.singlem.json.gz	SRR2187584
SRR2188492	1	824	undefined	SRR2188492
SRR2189659	1	217	gs://fc-e68b90c4-861d-4507-8118-e88d1e871567/f66612ba-b5e0-4912-8d44-1f105c12d64d/SingleM_SRA/d75fe153-f62a-45d4-9cd0-dfd97f3e1d32/call-singlem/SRR2189659.singlem.json.gz	SRR2189659
SRR2189669	1	661	undefined	SRR2189669
SRR2189670	1	37	gs://fc-e68b90c4-861d-4507-8118-e88d1e871567/f66612ba-b5e0-4912-8d44-1f105c12d64d/SingleM_SRA/a62e658a-44c9-438c-a493-63c867b84d2c/call-singlem/SRR2189670.singlem.json.gz	SRR2189670
SRR2189683	1	876	undefined	SRR2189683
SRR2189690	1	889	undefined	SRR2189690
SRR2189869	1	466	undefined	SRR2189869
SRR2189870	1	213	undefined	SRR2189870
SRR2189891	1	382	gs://fc-e68b90c4-861d-4507-8118-e88d1e871567/f66612ba-b5e0-4912-8d44-1f105c12d64d/SingleM_SRA/2f5dfa4b-855b-4303-bd44-7b18237ef75e/call-singlem/SRR2189891.singlem.json.gz	SRR2189891
SRR2189901	1	642	undefined	SRR2189901
SRR2189929	1	650	undefined	SRR2189929
SRR2191096	1	233	undefined	SRR2191096
SRR2191126	1	276	undefined	SRR2191126
SRR2191154	1	718	undefined	SRR2191154
SRR2191175	1	700	gs://fc-e68b90c4-861d-4507-8118-e88d1e871567/f66612ba-b5e0-4912-8d44-1f105c12d64d/SingleM_SRA/104d18ae-4390-4beb-becb-b26e31533bd1/call-singlem/SRR2191175.singlem.json.gz	SRR2191175
SRR2191432	1	670	gs://fc-e68b90c4-861d-4507-8118-e88d1e871567/f66612ba-b5e0-4912-8d44-1f105c12d64d/SingleM_SRA/831260a0-7ce9-4b5a-bb5a-393bcb920263/call-singlem/SRR2191432.singlem.json.gz	SRR2191432
SRR2191433	1	927	undefined	SRR2191433
SRR2191454	1	534	undefined	SRR2191454
SRR2191484	1	121	undefined	SRR2191484
SRR2192723	1	497	undefined	SRR2192723
SRR2192725	2	261	gs://fc-e68b90c4-861d-4507-8118-e88d1e871567/f66612ba-b5e0-4912-8d44-1f105c12d64d/SingleM_SRA/c2d01126-7c75-43da-aff1-e44b5b6a8be3/call-singlem/SRR2192725.singlem.json.gz	SRR2192725
SRR2192767	1	291	undefined	SRR2192767
SRR2192823	1	955	gs://fc-e68b90c4-861d-4507-8118-e88d1e871567/f66612ba-b5e0-4912-8d44-1f105c12d64d/SingleM_SRA/1e3e2c42-b1be-49fc-9e9c-e65a4afd9322/call-singlem/SRR2192823.singlem.json.gz	SRR2192823
SRR2193328	1	790	gs://fc-e68b90c4-861d-4507-8118-e88d1e871567/f66612ba-b5e0-4912-8d44-1f105c12d64d/SingleM_SRA/9b9a0fcc-e574-4acb-bc37-897f8f7ff095/call-singlem/SRR2193328.singlem.json.gz	SRR2193328
SRR2193411	2	931	undefined	SRR2193411
SRR2193598	1	988	gs://fc-e68b90c4-861d-4507-8118-e88d1e871567/f66612ba-b5e0-4912-8d44-1f105c12d64d/SingleM_SRA/1da3ab88-5dde-435d-8c5e-5c0045e195a0/call-singlem/SRR2193598.singlem.json.gz	SRR2193598
SRR2193603	1	366	undefined	SRR2193603
SRR2193778	1	453	undefined	SRR2193778
SRR2193795	1	204	undefined	SRR2193795
SRR2193804	1	649	undefined	SRR2193804
SRR2193832	1	4	undefined	SRR2193832
SRR2193841	2	26	gs://fc-e68b90c4-861d-4507-8118-e88d1e871567/f66612ba-b5e0-4912-8d44-1f105c12d64d/SingleM_SRA/a08abff2-a6d9-4325-9273-1745c9be6a7b/call-singlem/SRR2193841.singlem.json.gz	SRR2193841
SRR2193859	1	94	gs://fc-e68b90c4-861d-4507-8118-e88d1e871567/f66612ba-b5e0-4912-8d44-1f105c12d64d/SingleM_SRA/bde0ffe8-c254-4cb8-931f-86bbce64ca13/call-singlem/SRR2193859.singlem.json.gz	SRR2193859
SRR2193921	1	989	gs://fc-e68b90c4-861d-4507-8118-e88d1e871567/f66612ba-b5e0-4912-8d44-1f105c12d64d/SingleM_SRA/796e2502-82a7-4fee-9f0f-b6f9c24e8002/call-singlem/SRR2193921.singlem.json.gz	SRR2193921
SRR2193974	2	956	gs://fc-e68b90c4-861d-4507-8118-e88d1e871567/f66612ba-b5e0-4912-8d44-1f105c12d64d/SingleM_SRA/a18e5b9f-9ce9-42a1-8ed9-a441420d8bdd/call-singlem/attempt-2/SRR2193974.singlem.json.gz	SRR2193974
SRR2194035	1	23	gs://fc-e68b90c4-861d-4507-8118-e88d1e871567/f66612ba-b5e0-4912-8d44-1f105c12d64d/SingleM_SRA/4be53677-1fc7-4255-9e60-fe2460afecd7/call-singlem/SRR2194035.singlem.json.gz	SRR2194035
SRR2194047	1	203	gs://fc-e68b90c4-861d-4507-8118-e88d1e871567/f66612ba-b5e0-4912-8d44-1f105c12d64d/SingleM_SRA/d2ac6f8b-c785-45ed-87d9-6f476607fca3/call-singlem/SRR2194047.singlem.json.gz	SRR2194047
SRR2194078	1	870	gs://fc-e68b90c4-861d-4507-8118-e88d1e871567/f66612ba-b5e0-4912-8d44-1f105c12d64d/SingleM_SRA/f8d66f24-8b9c-467c-a1fc-adcf3be17d55/call-singlem/SRR2194078.singlem.json.gz	SRR2194078
SRR2194140	1	652	gs://fc-e68b90c4-861d-4507-8118-e88d1e871567/f66612ba-b5e0-4912-8d44-1f105c12d64d/SingleM_SRA/5561f8df-1ef0-4e5d-a3f7-478f564fced5/call-singlem/SRR2194140.singlem.json.gz	SRR2194140
SRR2194627	1	672	undefined	SRR2194627
SRR2194853	1	59	undefined	SRR2194853
SRR2194894	1	861	gs://fc-e68b90c4-861d-4507-8118-e88d1e871567/f66612ba-b5e0-4912-8d44-1f105c12d64d/SingleM_SRA/f9f118fa-7dee-4d6c-926f-55f84e128ff9/call-singlem/SRR2194894.singlem.json.gz	SRR2194894
SRR2194936	1	838	undefined	SRR2194936
SRR2194951	2	711	undefined	SRR2194951
SRR2194985	1	588	undefined	SRR2194985
SRR2195626	1	171	undefined	SRR2195626
SRR2199222	1	447	undefined	SRR2199222
SRR2227832	1	495	undefined	SRR2227832
SRR2231314	1	327	undefined	SRR2231314
SRR2237339	1	369	undefined	SRR2237339
SRR2244453	1	122	undefined	SRR2244453
SRR2247250	2	975	gs://fc-e68b90c4-861d-4507-8118-e88d1e871567/f66612ba-b5e0-4912-8d44-1f105c12d64d/SingleM_SRA/c83e8c97-3cd1-4546-8fe9-43530ac41207/call-singlem/SRR2247250.singlem.json.gz	SRR2247250
SRR2250507	1	20	undefined	SRR2250507
SRR2250628	1	605	undefined	SRR2250628
SRR2347448	1	511	undefined	SRR2347448
SRR2347529	1	86	undefined	SRR2347529
SRR2546428	21	252	undefined	SRR2546428
SRR2844616	3	54	undefined	SRR2844616
SRR3211753	1	929	undefined	SRR3211753
SRR3211755	1	440	gs://fc-e68b90c4-861d-4507-8118-e88d1e871567/f66612ba-b5e0-4912-8d44-1f105c12d64d/SingleM_SRA/3e9a6c3e-7280-4d21-babc-1cf595bdfba1/call-singlem/SRR3211755.singlem.json.gz	SRR3211755
SRR3211756	1	131	undefined	SRR3211756
SRR3211766	1	341	gs://fc-e68b90c4-861d-4507-8118-e88d1e871567/f66612ba-b5e0-4912-8d44-1f105c12d64d/SingleM_SRA/8ff52e04-ff7a-43fb-bd9a-53702cb98f38/call-singlem/SRR3211766.singlem.json.gz	SRR3211766
SRR3211767	1	419	undefined	SRR3211767
SRR3211786	1	159	undefined	SRR3211786
SRR3211788	1	249	undefined	SRR3211788
SRR3211792	1	462	undefined	SRR3211792
SRR3211794	1	694	undefined	SRR3211794
SRR3211809	1	409	gs://fc-e68b90c4-861d-4507-8118-e88d1e871567/f66612ba-b5e0-4912-8d44-1f105c12d64d/SingleM_SRA/0073cf5a-aa91-41d4-8a89-44f3afe38833/call-singlem/SRR3211809.singlem.json.gz	SRR3211809
SRR3402036	5	846	undefined	SRR3402036
SRR3402048	5	958	gs://fc-e68b90c4-861d-4507-8118-e88d1e871567/f66612ba-b5e0-4912-8d44-1f105c12d64d/SingleM_SRA/f1f11b91-929f-4a98-81ad-454e40147cfa/call-singlem/SRR3402048.singlem.json.gz	SRR3402048
SRR3452793	10	442	undefined	SRR3452793
SRR3452802	16	33	undefined	SRR3452802
SRR3591642	1	817	undefined	SRR3591642
SRR3591648	2	425	gs://fc-e68b90c4-861d-4507-8118-e88d1e871567/f66612ba-b5e0-4912-8d44-1f105c12d64d/SingleM_SRA/f092212c-ee8f-448b-bdf2-a0c6b14e2e3d/call-singlem/SRR3591648.singlem.json.gz	SRR3591648
SRR3592108	8	701	undefined	SRR3592108
SRR3601984	7	896	gs://fc-e68b90c4-861d-4507-8118-e88d1e871567/f66612ba-b5e0-4912-8d44-1f105c12d64d/SingleM_SRA/4e620bb1-9a11-476e-939c-a3e6611c17c9/call-singlem/SRR3601984.singlem.json.gz	SRR3601984
SRR3954472	52	994	undefined	SRR3954472
SRR3954474	52	525	undefined	SRR3954474
SRR3969602	50	815	undefined	SRR3969602
SRR3977139	9	858	undefined	SRR3977139
SRR3979409	13	395	undefined	SRR3979409
SRR3979454	9	671	undefined	SRR3979454
SRR3981081	16	290	undefined	SRR3981081
SRR3984898	1	681	undefined	SRR3984898
SRR3984900	1	108	undefined	SRR3984900
SRR3984904	1	901	undefined	SRR3984904
SRR3984906	1	400	undefined	SRR3984906
SRR3984909	1	85	undefined	SRR3984909
SRR3984913	1	664	gs://fc-e68b90c4-861d-4507-8118-e88d1e871567/f66612ba-b5e0-4912-8d44-1f105c12d64d/SingleM_SRA/ee873fca-c111-4114-90d5-91db60e05806/call-singlem/SRR3984913.singlem.json.gz	SRR3984913
SRR3984915	2	607	undefined	SRR3984915
SRR3984916	1	77	undefined	SRR3984916
SRR3984934	1	800	gs://fc-e68b90c4-861d-4507-8118-e88d1e871567/f66612ba-b5e0-4912-8d44-1f105c12d64d/SingleM_SRA/53228d02-0877-4f0e-a0b2-6bd87025b76f/call-singlem/SRR3984934.singlem.json.gz	SRR3984934
SRR3984935	1	191	undefined	SRR3984935
SRR3984944	1	887	undefined	SRR3984944
SRR3984948	1	480	gs://fc-e68b90c4-861d-4507-8118-e88d1e871567/f66612ba-b5e0-4912-8d44-1f105c12d64d/SingleM_SRA/b5ecfc32-6da0-405d-bbb8-452a6e5cd440/call-singlem/SRR3984948.singlem.json.gz	SRR3984948
SRR3984953	2	692	undefined	SRR3984953
SRR3988622	3	643	gs://fc-e68b90c4-861d-4507-8118-e88d1e871567/f66612ba-b5e0-4912-8d44-1f105c12d64d/SingleM_SRA/c6755007-6243-4990-be4a-817b2d122cec/call-singlem/SRR3988622.singlem.json.gz	SRR3988622
SRR3989620	4	423	undefined	SRR3989620
SRR4026204	5	224	undefined	SRR4026204
SRR4026208	12	914	gs://fc-e68b90c4-861d-4507-8118-e88d1e871567/f66612ba-b5e0-4912-8d44-1f105c12d64d/SingleM_SRA/b3a417d2-d895-41fa-bcc3-c953768c7a25/call-singlem/SRR4026208.singlem.json.gz	SRR4026208
SRR4027037	15	548	undefined	SRR4027037
SRR4027038	13	285	gs://fc-e68b90c4-861d-4507-8118-e88d1e871567/f66612ba-b5e0-4912-8d44-1f105c12d64d/SingleM_SRA/f8f00d10-54f0-4cb6-bcd3-f299e5ec02c0/call-singlem/SRR4027038.singlem.json.gz	SRR4027038
SRR4027043	15	172	undefined	SRR4027043
SRR4027090	14	993	undefined	SRR4027090
SRR4027092	14	145	gs://fc-e68b90c4-861d-4507-8118-e88d1e871567/f66612ba-b5e0-4912-8d44-1f105c12d64d/SingleM_SRA/89e45390-041c-4b39-a2dc-391db658ebc6/call-singlem/SRR4027092.singlem.json.gz	SRR4027092
SRR4027097	7	979	gs://fc-e68b90c4-861d-4507-8118-e88d1e871567/f66612ba-b5e0-4912-8d44-1f105c12d64d/SingleM_SRA/9ee35e09-88fa-4868-942c-015cb30402d9/call-singlem/SRR4027097.singlem.json.gz	SRR4027097
SRR4027098	15	865	gs://fc-e68b90c4-861d-4507-8118-e88d1e871567/f66612ba-b5e0-4912-8d44-1f105c12d64d/SingleM_SRA/313fe752-f426-4799-b9a5-e1a610ed28ac/call-singlem/SRR4027098.singlem.json.gz	SRR4027098
SRR4027104	15	968	undefined	SRR4027104
SRR4027109	7	957	undefined	SRR4027109
SRR4027110	13	759	gs://fc-e68b90c4-861d-4507-8118-e88d1e871567/f66612ba-b5e0-4912-8d44-1f105c12d64d/SingleM_SRA/ff3f269d-66f3-4190-a293-e0d983885921/call-singlem/SRR4027110.singlem.json.gz	SRR4027110
SRR4027114	13	939	gs://fc-e68b90c4-861d-4507-8118-e88d1e871567/f66612ba-b5e0-4912-8d44-1f105c12d64d/SingleM_SRA/9861c224-f8fd-49ea-a035-9093d02e43c0/call-singlem/SRR4027114.singlem.json.gz	SRR4027114
SRR4027127	13	15	undefined	SRR4027127
SRR4027129	10	871	undefined	SRR4027129
SRR4027133	10	483	gs://fc-e68b90c4-861d-4507-8118-e88d1e871567/f66612ba-b5e0-4912-8d44-1f105c12d64d/SingleM_SRA/e26949f7-0621-43f9-b4cf-dc9dfe263089/call-singlem/SRR4027133.singlem.json.gz	SRR4027133
SRR4027585	5	658	undefined	SRR4027585
SRR4027591	7	729	undefined	SRR4027591
SRR4027600	6	639	undefined	SRR4027600
SRR4027602	6	714	undefined	SRR4027602
SRR4027604	16	556	undefined	SRR4027604
SRR4027607	15	28	undefined	SRR4027607
SRR4027612	23	195	undefined	SRR4027612
SRR4027664	10	504	gs://fc-e68b90c4-861d-4507-8118-e88d1e871567/f66612ba-b5e0-4912-8d44-1f105c12d64d/SingleM_SRA/1ed39a95-d7ab-4dbd-b48a-a2c88bf1a72f/call-singlem/attempt-2/SRR4027664.singlem.json.gz	SRR4027664
SRR4027670	9	439	undefined	SRR4027670
SRR4027795	11	769	gs://fc-e68b90c4-861d-4507-8118-e88d1e871567/f66612ba-b5e0-4912-8d44-1f105c12d64d/SingleM_SRA/e2aaf302-6780-45b2-85db-6c8ee3d183b0/call-singlem/SRR4027795.singlem.json.gz	SRR4027795
SRR4027797	11	587	undefined	SRR4027797
SRR4027798	11	444	undefined	SRR4027798
SRR4027800	11	82	gs://fc-e68b90c4-861d-4507-8118-e88d1e871567/f66612ba-b5e0-4912-8d44-1f105c12d64d/SingleM_SRA/7ae97ee1-9125-48b3-b91d-8a2a1036f2d3/call-singlem/attempt-2/SRR4027800.singlem.json.gz	SRR4027800
SRR4027826	9	464	gs://fc-e68b90c4-861d-4507-8118-e88d1e871567/f66612ba-b5e0-4912-8d44-1f105c12d64d/SingleM_SRA/7d4f5e58-6b6e-4dcf-bf35-20e3a07c4dfe/call-singlem/SRR4027826.singlem.json.gz	SRR4027826
SRR4027934	9	206	undefined	SRR4027934
SRR4027937	6	767	gs://fc-e68b90c4-861d-4507-8118-e88d1e871567/f66612ba-b5e0-4912-8d44-1f105c12d64d/SingleM_SRA/122fc57f-2053-4405-8ca7-13338aa23919/call-singlem/SRR4027937.singlem.json.gz	SRR4027937
SRR4027996	7	452	undefined	SRR4027996
SRR4029077	59	256	gs://fc-e68b90c4-861d-4507-8118-e88d1e871567/f66612ba-b5e0-4912-8d44-1f105c12d64d/SingleM_SRA/1818e172-b826-4225-b6cb-e0999d3416ab/call-singlem/SRR4029077.singlem.json.gz	SRR4029077
SRR4029446	56	65	undefined	SRR4029446
SRR4030041	10	308	gs://fc-e68b90c4-861d-4507-8118-e88d1e871567/f66612ba-b5e0-4912-8d44-1f105c12d64d/SingleM_SRA/121a1afe-dab6-485c-bbea-1d7e3781aaa7/call-singlem/SRR4030041.singlem.json.gz	SRR4030041
SRR4030068	54	978	undefined	SRR4030068
SRR4051795	34	371	gs://fc-e68b90c4-861d-4507-8118-e88d1e871567/f66612ba-b5e0-4912-8d44-1f105c12d64d/SingleM_SRA/b43115c7-d284-4a81-83e4-8e0148d3abc6/call-singlem/SRR4051795.singlem.json.gz	SRR4051795
SRR4111062	3	724	gs://fc-e68b90c4-861d-4507-8118-e88d1e871567/f66612ba-b5e0-4912-8d44-1f105c12d64d/SingleM_SRA/0253d56d-06ea-4e60-b63d-020722e16326/call-singlem/SRR4111062.singlem.json.gz	SRR4111062
SRR4246909	4	434	undefined	SRR4246909
SRR4249917	5	428	gs://fc-e68b90c4-861d-4507-8118-e88d1e871567/f66612ba-b5e0-4912-8d44-1f105c12d64d/SingleM_SRA/23913ba1-fb59-4428-86e8-9142b713ca5c/call-singlem/SRR4249917.singlem.json.gz	SRR4249917
SRR4249919	14	970	undefined	SRR4249919
SRR4254071	3	911	undefined	SRR4254071
SRR4254073	3	565	undefined	SRR4254073
SRR4254076	4	942	undefined	SRR4254076
SRR5009556	5	586	undefined	SRR5009556
SRR5039899	7	378	gs://fc-e68b90c4-861d-4507-8118-e88d1e871567/f66612ba-b5e0-4912-8d44-1f105c12d64d/SingleM_SRA/51c38546-24d4-4ac5-91d3-b1ccb75b272b/call-singlem/SRR5039899.singlem.json.gz	SRR5039899
SRR5039911	7	981	gs://fc-e68b90c4-861d-4507-8118-e88d1e871567/f66612ba-b5e0-4912-8d44-1f105c12d64d/SingleM_SRA/58a0a132-7ee0-4e87-bf7f-ed9c337a3511/call-singlem/SRR5039911.singlem.json.gz	SRR5039911
SRR5098281	1	455	gs://fc-e68b90c4-861d-4507-8118-e88d1e871567/f66612ba-b5e0-4912-8d44-1f105c12d64d/SingleM_SRA/6435f812-6124-46f2-9c03-b30ecf9defa1/call-singlem/SRR5098281.singlem.json.gz	SRR5098281
SRR5098297	1	16	undefined	SRR5098297
SRR5098316	1	801	undefined	SRR5098316
SRR5098320	1	379	gs://fc-e68b90c4-861d-4507-8118-e88d1e871567/f66612ba-b5e0-4912-8d44-1f105c12d64d/SingleM_SRA/06975ad4-cc1e-46e4-9fba-50208052bdd9/call-singlem/SRR5098320.singlem.json.gz	SRR5098320
SRR5098323	1	904	gs://fc-e68b90c4-861d-4507-8118-e88d1e871567/f66612ba-b5e0-4912-8d44-1f105c12d64d/SingleM_SRA/331ce160-a920-4061-99ca-4fd371a1a0f1/call-singlem/SRR5098323.singlem.json.gz	SRR5098323
SRR5098328	1	216	gs://fc-e68b90c4-861d-4507-8118-e88d1e871567/f66612ba-b5e0-4912-8d44-1f105c12d64d/SingleM_SRA/7e1f9adb-ccec-421a-8d05-e4aa8b8a3eb1/call-singlem/SRR5098328.singlem.json.gz	SRR5098328
SRR5177929	24	582	gs://fc-e68b90c4-861d-4507-8118-e88d1e871567/f66612ba-b5e0-4912-8d44-1f105c12d64d/SingleM_SRA/35059485-28b5-4c84-b144-d8571bc75f9a/call-singlem/SRR5177929.singlem.json.gz	SRR5177929
SRR5195108	35	999	undefined	SRR5195108
SRR5195110	35	492	undefined	SRR5195110
SRR5195111	35	449	undefined	SRR5195111
SRR5195119	35	570	undefined	SRR5195119
SRR5195122	35	734	undefined	SRR5195122
SRR5195123	35	211	gs://fc-e68b90c4-861d-4507-8118-e88d1e871567/f66612ba-b5e0-4912-8d44-1f105c12d64d/SingleM_SRA/e7bda416-5ca4-44bc-b410-76f77c558da2/call-singlem/SRR5195123.singlem.json.gz	SRR5195123
SRR5195130	35	513	undefined	SRR5195130
SRR5195134	35	247	gs://fc-e68b90c4-861d-4507-8118-e88d1e871567/f66612ba-b5e0-4912-8d44-1f105c12d64d/SingleM_SRA/dee3a4da-da88-4ea9-bb20-9f6d9f1a6ed0/call-singlem/attempt-2/SRR5195134.singlem.json.gz	SRR5195134
SRR5195141	35	845	gs://fc-e68b90c4-861d-4507-8118-e88d1e871567/f66612ba-b5e0-4912-8d44-1f105c12d64d/SingleM_SRA/7786d449-0f62-453c-b09d-7524b071de6c/call-singlem/attempt-2/SRR5195141.singlem.json.gz	SRR5195141
SRR5213592	15	888	undefined	SRR5213592
SRR5213593	14	412	undefined	SRR5213593
SRR5213597	10	163	gs://fc-e68b90c4-861d-4507-8118-e88d1e871567/f66612ba-b5e0-4912-8d44-1f105c12d64d/SingleM_SRA/12df558a-3eee-4988-bd77-51f5f7afa56f/call-singlem/attempt-2/SRR5213597.singlem.json.gz	SRR5213597
SRR5215212	34	519	gs://fc-e68b90c4-861d-4507-8118-e88d1e871567/f66612ba-b5e0-4912-8d44-1f105c12d64d/SingleM_SRA/c50cb387-9115-44cb-9ebc-aa5306a04f12/call-singlem/SRR5215212.singlem.json.gz	SRR5215212
SRR5215470	59	645	undefined	SRR5215470
SRR5215475	48	443	gs://fc-e68b90c4-861d-4507-8118-e88d1e871567/f66612ba-b5e0-4912-8d44-1f105c12d64d/SingleM_SRA/b121594b-b449-4fa9-a52b-b867ba084321/call-singlem/SRR5215475.singlem.json.gz	SRR5215475
SRR5234507	4	271	gs://fc-e68b90c4-861d-4507-8118-e88d1e871567/f66612ba-b5e0-4912-8d44-1f105c12d64d/SingleM_SRA/decc303d-dd6b-45c4-9510-4c496f986f74/call-singlem/SRR5234507.singlem.json.gz	SRR5234507
SRR5234508	5	301	gs://fc-e68b90c4-861d-4507-8118-e88d1e871567/f66612ba-b5e0-4912-8d44-1f105c12d64d/SingleM_SRA/170f0384-a97e-44fd-b915-0ddb809853f0/call-singlem/SRR5234508.singlem.json.gz	SRR5234508
SRR5247131	11	463	undefined	SRR5247131
SRR5247132	12	805	undefined	SRR5247132
SRR5247133	16	3	gs://fc-e68b90c4-861d-4507-8118-e88d1e871567/f66612ba-b5e0-4912-8d44-1f105c12d64d/SingleM_SRA/c97fc377-cd78-4519-ba64-f651ac457949/call-singlem/SRR5247133.singlem.json.gz	SRR5247133
SRR5265139	1	808	undefined	SRR5265139
SRR5381897	2	789	undefined	SRR5381897
SRR5381899	1	38	undefined	SRR5381899
SRR5456985	56	980	gs://fc-e68b90c4-861d-4507-8118-e88d1e871567/f66612ba-b5e0-4912-8d44-1f105c12d64d/SingleM_SRA/6be2d331-ddd6-45b7-9676-9cfe6baf8847/call-singlem/SRR5456985.singlem.json.gz	SRR5456985
SRR5512136	13	90	undefined	SRR5512136
SRR5512141	13	863	undefined	SRR5512141
SRR5639141	7	418	gs://fc-e68b90c4-861d-4507-8118-e88d1e871567/f66612ba-b5e0-4912-8d44-1f105c12d64d/SingleM_SRA/fae76517-8f2b-4b1c-8b3c-dd0bfa40ab94/call-singlem/attempt-2/SRR5639141.singlem.json.gz	SRR5639141
SRR5639170	6	890	undefined	SRR5639170
SRR5639171	6	906	undefined	SRR5639171
SRR5639178	6	743	undefined	SRR5639178
SRR5678808	30	482	gs://fc-e68b90c4-861d-4507-8118-e88d1e871567/f66612ba-b5e0-4912-8d44-1f105c12d64d/SingleM_SRA/a2286c9e-40fd-4a35-90e0-75385973c720/call-singlem/SRR5678808.singlem.json.gz	SRR5678808
SRR5678809	13	623	undefined	SRR5678809
SRR5678811	20	951	undefined	SRR5678811
SRR5678814	63	546	gs://fc-e68b90c4-861d-4507-8118-e88d1e871567/f66612ba-b5e0-4912-8d44-1f105c12d64d/SingleM_SRA/c15aed23-5d3c-42e2-90a6-969bc7917769/call-singlem/attempt-2/SRR5678814.singlem.json.gz	SRR5678814
SRR5678816	33	933	undefined	SRR5678816
SRR5817589	36	413	gs://fc-e68b90c4-861d-4507-8118-e88d1e871567/f66612ba-b5e0-4912-8d44-1f105c12d64d/SingleM_SRA/7a54b5c5-db2a-4cc1-9228-53cd185bb6a9/call-singlem/SRR5817589.singlem.json.gz	SRR5817589
SRR5823598	27	859	undefined	SRR5823598
SRR5823612	43	198	undefined	SRR5823612
SRR5855411	17	312	gs://fc-e68b90c4-861d-4507-8118-e88d1e871567/f66612ba-b5e0-4912-8d44-1f105c12d64d/SingleM_SRA/de298087-7cb9-4b9f-8eee-987990640a3e/call-singlem/SRR5855411.singlem.json.gz	SRR5855411
SRR5855422	15	49	undefined	SRR5855422
SRR5855430	15	24	undefined	SRR5855430
SRR5877196	11	343	undefined	SRR5877196
SRR5877197	11	964	gs://fc-e68b90c4-861d-4507-8118-e88d1e871567/f66612ba-b5e0-4912-8d44-1f105c12d64d/SingleM_SRA/c206344c-5c26-446f-9aa1-bf5cfcb95f6a/call-singlem/SRR5877197.singlem.json.gz	SRR5877197
SRR5881394	14	134	undefined	SRR5881394
SRR5891568	13	118	undefined	SRR5891568
SRR5891571	14	99	gs://fc-e68b90c4-861d-4507-8118-e88d1e871567/f66612ba-b5e0-4912-8d44-1f105c12d64d/SingleM_SRA/32546362-8d6b-45dc-8972-50740a2a2e6c/call-singlem/attempt-2/SRR5891571.singlem.json.gz	SRR5891571
SRR5988113	8	115	undefined	SRR5988113
SRR6030929	3	297	gs://fc-e68b90c4-861d-4507-8118-e88d1e871567/f66612ba-b5e0-4912-8d44-1f105c12d64d/SingleM_SRA/6683ac46-ecb5-4402-9294-e6cd9f810cf0/call-singlem/SRR6030929.singlem.json.gz	SRR6030929
SRR6079912	8	704	undefined	SRR6079912
SRR6186653	29	161	undefined	SRR6186653
SRR6201806	3	484	gs://fc-e68b90c4-861d-4507-8118-e88d1e871567/f66612ba-b5e0-4912-8d44-1f105c12d64d/SingleM_SRA/cc1427ae-22b2-46fb-a541-c243cb00892a/call-singlem/SRR6201806.singlem.json.gz	SRR6201806
SRR6201952	3	370	gs://fc-e68b90c4-861d-4507-8118-e88d1e871567/f66612ba-b5e0-4912-8d44-1f105c12d64d/SingleM_SRA/c9a07e47-dc5d-4b39-8563-2e7910629e6f/call-singlem/attempt-2/SRR6201952.singlem.json.gz	SRR6201952
SRR6201986	21	936	undefined	SRR6201986
SRR6241674	13	544	undefined	SRR6241674
SRR6350025	10	207	undefined	SRR6350025
SRR6391592	8	893	undefined	SRR6391592
SRR6391595	9	275	undefined	SRR6391595
SRR6391596	10	559	undefined	SRR6391596
SRR6394717	2	56	gs://fc-e68b90c4-861d-4507-8118-e88d1e871567/f66612ba-b5e0-4912-8d44-1f105c12d64d/SingleM_SRA/91ef7327-7fe5-4681-8e67-4f8da9566f39/call-singlem/SRR6394717.singlem.json.gz	SRR6394717
SRR6394722	5	262	gs://fc-e68b90c4-861d-4507-8118-e88d1e871567/f66612ba-b5e0-4912-8d44-1f105c12d64d/SingleM_SRA/d26c1b67-a10f-4f45-8cc8-e4a18f4eaf12/call-singlem/SRR6394722.singlem.json.gz	SRR6394722
SRR6474702	3	280	undefined	SRR6474702
SRR6474979	3	659	gs://fc-e68b90c4-861d-4507-8118-e88d1e871567/f66612ba-b5e0-4912-8d44-1f105c12d64d/SingleM_SRA/80424b6e-e161-4f9d-ac37-7dda63e4d926/call-singlem/SRR6474979.singlem.json.gz	SRR6474979
SRR6516226	34	239	undefined	SRR6516226
SRR6516260	30	331	gs://fc-e68b90c4-861d-4507-8118-e88d1e871567/f66612ba-b5e0-4912-8d44-1f105c12d64d/SingleM_SRA/c5965751-f437-4fa4-9e5e-ab93bc62153b/call-singlem/SRR6516260.singlem.json.gz	SRR6516260
SRR6517655	18	835	gs://fc-e68b90c4-861d-4507-8118-e88d1e871567/f66612ba-b5e0-4912-8d44-1f105c12d64d/SingleM_SRA/03c4265c-b839-40ef-9ea5-806260e6eb2a/call-singlem/attempt-2/SRR6517655.singlem.json.gz	SRR6517655
SRR6866878	8	543	undefined	SRR6866878
SRR6958990	3	123	undefined	SRR6958990
SRR7010302	13	130	undefined	SRR7010302
SRR7011027	10	107	gs://fc-e68b90c4-861d-4507-8118-e88d1e871567/f66612ba-b5e0-4912-8d44-1f105c12d64d/SingleM_SRA/428d24eb-9248-42e2-b6d2-0446584792bf/call-singlem/SRR7011027.singlem.json.gz	SRR7011027
SRR7011569	10	283	undefined	SRR7011569
SRR7011963	9	715	undefined	SRR7011963
SRR7011995	10	761	undefined	SRR7011995
SRR7011998	7	155	gs://fc-e68b90c4-861d-4507-8118-e88d1e871567/f66612ba-b5e0-4912-8d44-1f105c12d64d/SingleM_SRA/8ce4cc1b-5679-4eba-8034-acd3c772d004/call-singlem/SRR7011998.singlem.json.gz	SRR7011998
SRR7012006	7	998	undefined	SRR7012006
SRR7012007	8	35	undefined	SRR7012007
SRR7012454	10	648	undefined	SRR7012454
SRR7012999	11	178	undefined	SRR7012999
SRR7015888	11	669	undefined	SRR7015888
SRR7015916	12	279	gs://fc-e68b90c4-861d-4507-8118-e88d1e871567/f66612ba-b5e0-4912-8d44-1f105c12d64d/SingleM_SRA/01e23c29-1d74-40e3-9a57-a839580e3315/call-singlem/SRR7015916.singlem.json.gz	SRR7015916
SRR7015918	11	819	undefined	SRR7015918
SRR7026202	12	17	undefined	SRR7026202
SRR7026237	12	651	gs://fc-e68b90c4-861d-4507-8118-e88d1e871567/f66612ba-b5e0-4912-8d44-1f105c12d64d/SingleM_SRA/701a6aee-e9b2-404b-9b4d-c9136e59c04c/call-singlem/SRR7026237.singlem.json.gz	SRR7026237
SRR7026314	10	237	undefined	SRR7026314
SRR7026343	10	667	undefined	SRR7026343
SRR7026347	10	944	undefined	SRR7026347
SRR7026472	10	986	gs://fc-e68b90c4-861d-4507-8118-e88d1e871567/f66612ba-b5e0-4912-8d44-1f105c12d64d/SingleM_SRA/3dedbe38-e77b-4c91-a758-6eec647cf1f8/call-singlem/SRR7026472.singlem.json.gz	SRR7026472
SRR7026559	9	589	gs://fc-e68b90c4-861d-4507-8118-e88d1e871567/f66612ba-b5e0-4912-8d44-1f105c12d64d/SingleM_SRA/ca3b9248-4583-44d7-aaa3-d4f0ac28fdc5/call-singlem/SRR7026559.singlem.json.gz	SRR7026559
SRR7026569	12	367	gs://fc-e68b90c4-861d-4507-8118-e88d1e871567/f66612ba-b5e0-4912-8d44-1f105c12d64d/SingleM_SRA/902b909e-3bf0-4d57-ab0c-36571e25a68e/call-singlem/SRR7026569.singlem.json.gz	SRR7026569
SRR7026571	13	954	undefined	SRR7026571
SRR7042341	18	960	undefined	SRR7042341
SRR7042342	21	408	undefined	SRR7042342
SRR7042346	19	479	undefined	SRR7042346
SRR7042350	19	47	gs://fc-e68b90c4-861d-4507-8118-e88d1e871567/f66612ba-b5e0-4912-8d44-1f105c12d64d/SingleM_SRA/0c7431b2-27db-4014-8671-09ce1360ce66/call-singlem/SRR7042350.singlem.json.gz	SRR7042350
SRR7042356	17	528	undefined	SRR7042356
SRR7042360	24	450	undefined	SRR7042360
SRR7042364	16	726	gs://fc-e68b90c4-861d-4507-8118-e88d1e871567/f66612ba-b5e0-4912-8d44-1f105c12d64d/SingleM_SRA/2f98950f-9d4a-47cb-a436-731e0678371d/call-singlem/SRR7042364.singlem.json.gz	SRR7042364
SRR7042385	18	860	undefined	SRR7042385
SRR7042392	20	560	undefined	SRR7042392
SRR7102809	5	540	undefined	SRR7102809
SRR7105223	4	67	undefined	SRR7105223
SRR7142034	6	522	gs://fc-e68b90c4-861d-4507-8118-e88d1e871567/f66612ba-b5e0-4912-8d44-1f105c12d64d/SingleM_SRA/61877d18-4601-4a3f-95e4-2bccd2a44bcf/call-singlem/attempt-2/SRR7142034.singlem.json.gz	SRR7142034
SRR7151488	3	866	gs://fc-e68b90c4-861d-4507-8118-e88d1e871567/f66612ba-b5e0-4912-8d44-1f105c12d64d/SingleM_SRA/9e2d7c14-5294-4716-9944-4a20130307c7/call-singlem/SRR7151488.singlem.json.gz	SRR7151488
SRR7151494	13	324	gs://fc-e68b90c4-861d-4507-8118-e88d1e871567/f66612ba-b5e0-4912-8d44-1f105c12d64d/SingleM_SRA/6ef86752-c354-4b1f-8aeb-9c7c1bd59ce2/call-singlem/SRR7151494.singlem.json.gz	SRR7151494
SRR7151510	7	416	undefined	SRR7151510
SRR7151512	8	756	undefined	SRR7151512
SRR7151513	5	342	gs://fc-e68b90c4-861d-4507-8118-e88d1e871567/f66612ba-b5e0-4912-8d44-1f105c12d64d/SingleM_SRA/9f2ee0ac-e992-4f40-8b75-f1e14332c408/call-singlem/SRR7151513.singlem.json.gz	SRR7151513
SRR7151522	12	963	undefined	SRR7151522
SRR7151541	3	853	undefined	SRR7151541
SRR7151547	4	972	undefined	SRR7151547
SRR7151549	4	555	undefined	SRR7151549
SRR7151558	7	848	undefined	SRR7151558
SRR7151567	25	803	undefined	SRR7151567
SRR7151570	18	874	undefined	SRR7151570
SRR7151582	3	316	undefined	SRR7151582
SRR7151587	4	456	undefined	SRR7151587
SRR7151594	9	126	undefined	SRR7151594
SRR7151599	9	50	gs://fc-e68b90c4-861d-4507-8118-e88d1e871567/f66612ba-b5e0-4912-8d44-1f105c12d64d/SingleM_SRA/6e5d8362-5dda-4313-a0f7-09bedf825c54/call-singlem/SRR7151599.singlem.json.gz	SRR7151599
SRR7151606	7	574	gs://fc-e68b90c4-861d-4507-8118-e88d1e871567/f66612ba-b5e0-4912-8d44-1f105c12d64d/SingleM_SRA/9551eb8e-693e-4603-8863-5d17a7c4221e/call-singlem/SRR7151606.singlem.json.gz	SRR7151606
SRR7151611	4	768	undefined	SRR7151611
SRR7151619	4	87	gs://fc-e68b90c4-861d-4507-8118-e88d1e871567/f66612ba-b5e0-4912-8d44-1f105c12d64d/SingleM_SRA/f1fb3510-bc10-4237-8bc3-753fe53605c0/call-singlem/SRR7151619.singlem.json.gz	SRR7151619
SRR7151621	15	905	gs://fc-e68b90c4-861d-4507-8118-e88d1e871567/f66612ba-b5e0-4912-8d44-1f105c12d64d/SingleM_SRA/5f170603-9719-429d-b43a-aa981775aa46/call-singlem/SRR7151621.singlem.json.gz	SRR7151621
SRR7151634	3	892	undefined	SRR7151634
SRR7151640	3	245	gs://fc-e68b90c4-861d-4507-8118-e88d1e871567/f66612ba-b5e0-4912-8d44-1f105c12d64d/SingleM_SRA/5459d46e-af40-49aa-80bd-7f00a07e7d5c/call-singlem/SRR7151640.singlem.json.gz	SRR7151640
SRR7151642	13	758	undefined	SRR7151642
SRR7151645	4	133	undefined	SRR7151645
SRR7151650	4	502	undefined	SRR7151650
SRR7151651	3	766	undefined	SRR7151651
SRR7151658	6	739	gs://fc-e68b90c4-861d-4507-8118-e88d1e871567/f66612ba-b5e0-4912-8d44-1f105c12d64d/SingleM_SRA/806d41b6-32aa-426e-8082-35965f162724/call-singlem/SRR7151658.singlem.json.gz	SRR7151658
SRR7151668	13	601	undefined	SRR7151668
SRR7151674	3	181	undefined	SRR7151674
SRR7151683	6	549	gs://fc-e68b90c4-861d-4507-8118-e88d1e871567/f66612ba-b5e0-4912-8d44-1f105c12d64d/SingleM_SRA/60b79bf3-503b-4c8c-8ee9-4cd420b0c627/call-singlem/SRR7151683.singlem.json.gz	SRR7151683
SRR7151686	4	149	undefined	SRR7151686
SRR7151690	5	336	gs://fc-e68b90c4-861d-4507-8118-e88d1e871567/f66612ba-b5e0-4912-8d44-1f105c12d64d/SingleM_SRA/c9d7fbcc-1138-4777-82ea-d5d3e3b4e661/call-singlem/SRR7151690.singlem.json.gz	SRR7151690
SRR7151694	10	952	gs://fc-e68b90c4-861d-4507-8118-e88d1e871567/f66612ba-b5e0-4912-8d44-1f105c12d64d/SingleM_SRA/3008bec6-30a1-4cbd-bd93-61992f4306ea/call-singlem/attempt-2/SRR7151694.singlem.json.gz	SRR7151694
SRR7151696	5	362	undefined	SRR7151696
SRR7151699	4	307	gs://fc-e68b90c4-861d-4507-8118-e88d1e871567/f66612ba-b5e0-4912-8d44-1f105c12d64d/SingleM_SRA/809c78bb-92b5-42dd-acbd-b7bcca207b65/call-singlem/SRR7151699.singlem.json.gz	SRR7151699
SRR7151701	5	813	undefined	SRR7151701
SRR7151703	5	294	undefined	SRR7151703
SRR7151710	6	40	gs://fc-e68b90c4-861d-4507-8118-e88d1e871567/f66612ba-b5e0-4912-8d44-1f105c12d64d/SingleM_SRA/7564e316-0cdf-45f9-b6fa-edbd1e2edcf6/call-singlem/SRR7151710.singlem.json.gz	SRR7151710
SRR7151712	3	687	undefined	SRR7151712
SRR7151719	9	314	undefined	SRR7151719
SRR7151736	6	75	gs://fc-e68b90c4-861d-4507-8118-e88d1e871567/f66612ba-b5e0-4912-8d44-1f105c12d64d/SingleM_SRA/7ba7521f-1f85-4348-897d-105f4f3c8102/call-singlem/SRR7151736.singlem.json.gz	SRR7151736
SRR7175523	6	612	gs://fc-e68b90c4-861d-4507-8118-e88d1e871567/f66612ba-b5e0-4912-8d44-1f105c12d64d/SingleM_SRA/b599c2bf-c912-4c9a-8b53-831ee4e85207/call-singlem/SRR7175523.singlem.json.gz	SRR7175523
SRR7182223	9	212	gs://fc-e68b90c4-861d-4507-8118-e88d1e871567/f66612ba-b5e0-4912-8d44-1f105c12d64d/SingleM_SRA/1bf75d54-76b1-4ee2-8cd9-8a5450d65dba/call-singlem/SRR7182223.singlem.json.gz	SRR7182223
SRR7182224	9	882	undefined	SRR7182224
SRR7206616	9	258	gs://fc-e68b90c4-861d-4507-8118-e88d1e871567/f66612ba-b5e0-4912-8d44-1f105c12d64d/SingleM_SRA/736e2564-99fa-4b63-9d1c-c12e36ef57b3/call-singlem/SRR7206616.singlem.json.gz	SRR7206616
SRR7206617	9	415	undefined	SRR7206617
SRR7229576	1	406	undefined	SRR7229576
SRR7229580	1	802	gs://fc-e68b90c4-861d-4507-8118-e88d1e871567/f66612ba-b5e0-4912-8d44-1f105c12d64d/SingleM_SRA/8238985b-ce92-4e69-99f5-a2206eb44586/call-singlem/SRR7229580.singlem.json.gz	SRR7229580
SRR7448267	11	109	undefined	SRR7448267
SRR7448268	9	273	gs://fc-e68b90c4-861d-4507-8118-e88d1e871567/f66612ba-b5e0-4912-8d44-1f105c12d64d/SingleM_SRA/68968b7d-3e4e-445a-819a-84042066be9e/call-singlem/SRR7448268.singlem.json.gz	SRR7448268
SRR7448277	15	192	gs://fc-e68b90c4-861d-4507-8118-e88d1e871567/f66612ba-b5e0-4912-8d44-1f105c12d64d/SingleM_SRA/8e9e85b0-96ee-4bcc-b63d-ae75b163544f/call-singlem/SRR7448277.singlem.json.gz	SRR7448277
SRR7457708	11	953	gs://fc-e68b90c4-861d-4507-8118-e88d1e871567/f66612ba-b5e0-4912-8d44-1f105c12d64d/SingleM_SRA/e2bc1f99-ac11-4a6a-abb7-e55042fb3250/call-singlem/attempt-3/SRR7457708.singlem.json.gz	SRR7457708
SRR7523514	8	520	undefined	SRR7523514
SRR7629279	20	117	undefined	SRR7629279
SRR7754706	10	14	gs://fc-e68b90c4-861d-4507-8118-e88d1e871567/f66612ba-b5e0-4912-8d44-1f105c12d64d/SingleM_SRA/1ca6dee6-e87e-4b92-9f2b-f052f2e943d6/call-singlem/attempt-2/SRR7754706.singlem.json.gz	SRR7754706
SRR7778154	7	702	gs://fc-e68b90c4-861d-4507-8118-e88d1e871567/f66612ba-b5e0-4912-8d44-1f105c12d64d/SingleM_SRA/e3cd7a91-0caf-4c98-ba3a-bf40d343f655/call-singlem/SRR7778154.singlem.json.gz	SRR7778154
SRR7778158	7	363	gs://fc-e68b90c4-861d-4507-8118-e88d1e871567/f66612ba-b5e0-4912-8d44-1f105c12d64d/SingleM_SRA/e14ba32d-ccb4-4c31-8431-a72ce67b7fcf/call-singlem/SRR7778158.singlem.json.gz	SRR7778158
SRR7778161	6	530	gs://fc-e68b90c4-861d-4507-8118-e88d1e871567/f66612ba-b5e0-4912-8d44-1f105c12d64d/SingleM_SRA/b48bdf9f-751d-4c3f-a4e9-7244d7b29136/call-singlem/SRR7778161.singlem.json.gz	SRR7778161
SRR7825328	2	736	undefined	SRR7825328
SRR7825332	2	624	undefined	SRR7825332
SRR7825333	2	984	gs://fc-e68b90c4-861d-4507-8118-e88d1e871567/f66612ba-b5e0-4912-8d44-1f105c12d64d/SingleM_SRA/7fef223d-c6a4-4bbf-80a4-e16e06a7eb54/call-singlem/SRR7825333.singlem.json.gz	SRR7825333
SRR7825334	2	168	undefined	SRR7825334
SRR7825337	2	943	gs://fc-e68b90c4-861d-4507-8118-e88d1e871567/f66612ba-b5e0-4912-8d44-1f105c12d64d/SingleM_SRA/fc85ea18-740a-49e7-818d-49f4676b5f36/call-singlem/SRR7825337.singlem.json.gz	SRR7825337
SRR7945127	1	6	undefined	SRR7945127
SRR7945133	2	537	gs://fc-e68b90c4-861d-4507-8118-e88d1e871567/f66612ba-b5e0-4912-8d44-1f105c12d64d/SingleM_SRA/58dbe2f1-f251-40af-8fbc-7de48529119b/call-singlem/SRR7945133.singlem.json.gz	SRR7945133
SRR7945139	1	458	gs://fc-e68b90c4-861d-4507-8118-e88d1e871567/f66612ba-b5e0-4912-8d44-1f105c12d64d/SingleM_SRA/64ab3d8d-3ee6-42a4-ae4c-75b2d4ff66a1/call-singlem/SRR7945139.singlem.json.gz	SRR7945139
SRR7945142	1	748	undefined	SRR7945142
SRR7945169	1	509	undefined	SRR7945169
SRR7945170	1	585	gs://fc-e68b90c4-861d-4507-8118-e88d1e871567/f66612ba-b5e0-4912-8d44-1f105c12d64d/SingleM_SRA/3defc589-34ea-4dfb-b925-f6a99bffb32a/call-singlem/SRR7945170.singlem.json.gz	SRR7945170
SRR7945176	1	821	undefined	SRR7945176
SRR7945178	1	710	undefined	SRR7945178
SRR7965730	14	44	undefined	SRR7965730
SRR7970555	9	189	gs://fc-e68b90c4-861d-4507-8118-e88d1e871567/f66612ba-b5e0-4912-8d44-1f105c12d64d/SingleM_SRA/7611c820-8329-479d-843f-2341c6dec44f/call-singlem/SRR7970555.singlem.json.gz	SRR7970555
SRR7970743	10	539	gs://fc-e68b90c4-861d-4507-8118-e88d1e871567/f66612ba-b5e0-4912-8d44-1f105c12d64d/SingleM_SRA/55609e45-b574-4dcc-806b-7188beb00498/call-singlem/SRR7970743.singlem.json.gz	SRR7970743
SRR7970746	8	424	gs://fc-e68b90c4-861d-4507-8118-e88d1e871567/f66612ba-b5e0-4912-8d44-1f105c12d64d/SingleM_SRA/d484c77f-199c-47d7-ab26-4db3518813b5/call-singlem/SRR7970746.singlem.json.gz	SRR7970746
SRR7970985	10	7	undefined	SRR7970985
SRR7976142	6	376	undefined	SRR7976142
SRR7976148	5	517	undefined	SRR7976148
SRR7976238	4	617	undefined	SRR7976238
SRR7976239	9	725	undefined	SRR7976239
SRR7976242	6	940	gs://fc-e68b90c4-861d-4507-8118-e88d1e871567/f66612ba-b5e0-4912-8d44-1f105c12d64d/SingleM_SRA/caa77ba8-9933-4376-a9ef-88545949a683/call-singlem/attempt-2/SRR7976242.singlem.json.gz	SRR7976242
SRR7976248	3	157	undefined	SRR7976248
SRR8100013	5	538	undefined	SRR8100013
SRR8100025	5	622	undefined	SRR8100025
SRR8185403	8	557	undefined	SRR8185403
SRR8185404	7	592	gs://fc-e68b90c4-861d-4507-8118-e88d1e871567/f66612ba-b5e0-4912-8d44-1f105c12d64d/SingleM_SRA/658b80a4-b11a-49f4-b0c1-b35b6eb36ab5/call-singlem/SRR8185404.singlem.json.gz	SRR8185404
SRR8197393	13	441	gs://fc-e68b90c4-861d-4507-8118-e88d1e871567/f66612ba-b5e0-4912-8d44-1f105c12d64d/SingleM_SRA/433675a9-4aa5-41d6-9f49-922bd02576f7/call-singlem/attempt-2/SRR8197393.singlem.json.gz	SRR8197393
SRR8197394	13	760	gs://fc-e68b90c4-861d-4507-8118-e88d1e871567/f66612ba-b5e0-4912-8d44-1f105c12d64d/SingleM_SRA/89d69af5-ebdd-4281-b974-4606b972b2a0/call-singlem/SRR8197394.singlem.json.gz	SRR8197394
SRR8198157	16	200	gs://fc-e68b90c4-861d-4507-8118-e88d1e871567/f66612ba-b5e0-4912-8d44-1f105c12d64d/SingleM_SRA/51e448b5-d4ae-467d-b1cc-0dd49655c3b2/call-singlem/SRR8198157.singlem.json.gz	SRR8198157
SRR8357465	1	448	undefined	SRR8357465
SRR8357475	1	39	undefined	SRR8357475
SRR8453766	1	595	gs://fc-e68b90c4-861d-4507-8118-e88d1e871567/f66612ba-b5e0-4912-8d44-1f105c12d64d/SingleM_SRA/398e6e52-3d08-448f-9892-4583a707c9cf/call-singlem/SRR8453766.singlem.json.gz	SRR8453766
SRR8453769	1	558	undefined	SRR8453769
SRR8453772	1	610	undefined	SRR8453772
SRR8453773	1	220	undefined	SRR8453773
SRR8453776	1	299	undefined	SRR8453776
SRR8487012	11	374	undefined	SRR8487012
SRR8487025	4	566	gs://fc-e68b90c4-861d-4507-8118-e88d1e871567/f66612ba-b5e0-4912-8d44-1f105c12d64d/SingleM_SRA/2d0ec48b-c691-4c6a-9580-a95dce1f6271/call-singlem/SRR8487025.singlem.json.gz	SRR8487025
SRR8487037	4	772	gs://fc-e68b90c4-861d-4507-8118-e88d1e871567/f66612ba-b5e0-4912-8d44-1f105c12d64d/SingleM_SRA/257e2a92-17b3-4d28-ac09-d7c00341aa10/call-singlem/SRR8487037.singlem.json.gz	SRR8487037
SRR8489886	29	514	undefined	SRR8489886
SRR8489894	26	25	undefined	SRR8489894
SRR8489897	19	62	undefined	SRR8489897
SRR8489917	31	242	undefined	SRR8489917
SRR8527076	3	962	gs://fc-e68b90c4-861d-4507-8118-e88d1e871567/f66612ba-b5e0-4912-8d44-1f105c12d64d/SingleM_SRA/67deb23a-ae3c-4e9e-bb59-abe93d20e668/call-singlem/SRR8527076.singlem.json.gz	SRR8527076
SRR8536155	8	880	undefined	SRR8536155
SRR8537878	14	545	undefined	SRR8537878
SRR8538408	12	325	undefined	SRR8538408
SRR8538409	14	647	undefined	SRR8538409
SRR8538899	34	552	gs://fc-e68b90c4-861d-4507-8118-e88d1e871567/f66612ba-b5e0-4912-8d44-1f105c12d64d/SingleM_SRA/840ce942-e889-4dc9-a58c-bc3477122add/call-singlem/attempt-2/SRR8538899.singlem.json.gz	SRR8538899
SRR8543488	47	353	undefined	SRR8543488
SRR8781995	1	657	undefined	SRR8781995
SRR8782002	1	89	undefined	SRR8782002
SRR8782003	1	187	undefined	SRR8782003
SRR8832565	8	844	undefined	SRR8832565
SRR8832566	9	826	gs://fc-e68b90c4-861d-4507-8118-e88d1e871567/f66612ba-b5e0-4912-8d44-1f105c12d64d/SingleM_SRA/4674fda1-739d-47ea-97da-5e5b3d08636c/call-singlem/SRR8832566.singlem.json.gz	SRR8832566
SRR8847051	45	524	undefined	SRR8847051
SRR8921819	1	762	gs://fc-e68b90c4-861d-4507-8118-e88d1e871567/f66612ba-b5e0-4912-8d44-1f105c12d64d/SingleM_SRA/ff8fb3b6-7792-4c32-811c-dcfab9119fd4/call-singlem/SRR8921819.singlem.json.gz	SRR8921819
SRR8921821	1	886	gs://fc-e68b90c4-861d-4507-8118-e88d1e871567/f66612ba-b5e0-4912-8d44-1f105c12d64d/SingleM_SRA/b5c2b7d2-2431-484d-b2cc-909a8a7a5f27/call-singlem/SRR8921821.singlem.json.gz	SRR8921821
SRR8931197	12	405	gs://fc-e68b90c4-861d-4507-8118-e88d1e871567/f66612ba-b5e0-4912-8d44-1f105c12d64d/SingleM_SRA/e813fc77-3734-467e-b4df-4b77ca2f1ee7/call-singlem/SRR8931197.singlem.json.gz	SRR8931197
SRR8931224	4	381	undefined	SRR8931224
SRR8931236	13	571	gs://fc-e68b90c4-861d-4507-8118-e88d1e871567/f66612ba-b5e0-4912-8d44-1f105c12d64d/SingleM_SRA/b8446594-93bc-4b9c-a5e7-73f7f04d54b4/call-singlem/attempt-4/SRR8931236.singlem.json.gz	SRR8931236
SRR8936419	10	636	undefined	SRR8936419
SRR8936421	9	615	undefined	SRR8936421
SRR8936457	11	411	undefined	SRR8936457
SRR8936466	10	965	gs://fc-e68b90c4-861d-4507-8118-e88d1e871567/f66612ba-b5e0-4912-8d44-1f105c12d64d/SingleM_SRA/c261cfec-507b-4228-8a37-e1ba8a57fc44/call-singlem/SRR8936466.singlem.json.gz	SRR8936466
SRR8936468	11	339	undefined	SRR8936468
SRR8936475	14	867	undefined	SRR8936475
SRR9002931	38	401	gs://fc-e68b90c4-861d-4507-8118-e88d1e871567/f66612ba-b5e0-4912-8d44-1f105c12d64d/SingleM_SRA/9b933335-82bb-4040-a7d1-3193dd52a030/call-singlem/attempt-2/SRR9002931.singlem.json.gz	SRR9002931
SRR9005026	60	106	undefined	SRR9005026
SRR9032073	46	138	gs://fc-e68b90c4-861d-4507-8118-e88d1e871567/f66612ba-b5e0-4912-8d44-1f105c12d64d/SingleM_SRA/e1393076-810a-43e8-abff-7e33ee65ffff/call-singlem/SRR9032073.singlem.json.gz	SRR9032073
SRR9032198	29	477	undefined	SRR9032198
SRR9032202	34	158	gs://fc-e68b90c4-861d-4507-8118-e88d1e871567/f66612ba-b5e0-4912-8d44-1f105c12d64d/SingleM_SRA/d29aaa5c-6caf-4271-bf4a-196ebffb4859/call-singlem/SRR9032202.singlem.json.gz	SRR9032202
SRR9032509	63	542	undefined	SRR9032509
SRR908290	6	693	gs://fc-e68b90c4-861d-4507-8118-e88d1e871567/f66612ba-b5e0-4912-8d44-1f105c12d64d/SingleM_SRA/aebbbbac-2197-497e-87e3-3a2d463871a3/call-singlem/SRR908290.singlem.json.gz	SRR908290
SRR908291	7	137	undefined	SRR908291
SRR9289415	3	240	gs://fc-e68b90c4-861d-4507-8118-e88d1e871567/f66612ba-b5e0-4912-8d44-1f105c12d64d/SingleM_SRA/429ba3e9-892f-41a2-8b07-fe31316d324d/call-singlem/SRR9289415.singlem.json.gz	SRR9289415
SRR9290671	16	88	undefined	SRR9290671
SRR9290680	37	8	undefined	SRR9290680
SRR9312611	2	234	undefined	SRR9312611
SRR9617296	2	653	undefined	SRR9617296
SRR9617298	2	526	gs://fc-e68b90c4-861d-4507-8118-e88d1e871567/f66612ba-b5e0-4912-8d44-1f105c12d64d/SingleM_SRA/33523d13-e2d9-484d-a877-ece7bb593522/call-singlem/SRR9617298.singlem.json.gz	SRR9617298
SRR9617315	3	48	undefined	SRR9617315
SRR9617316	2	470	undefined	SRR9617316
SRR9656173	4	493	undefined	SRR9656173
SRR9656206	6	340	undefined	SRR9656206
SRR9691026	17	389	undefined	SRR9691026
SRR9691047	11	903	gs://fc-e68b90c4-861d-4507-8118-e88d1e871567/f66612ba-b5e0-4912-8d44-1f105c12d64d/SingleM_SRA/99f07280-08ec-47ee-a9c4-6ca763919b14/call-singlem/SRR9691047.singlem.json.gz	SRR9691047
SRR9691054	14	730	undefined	SRR9691054
SRR9697542	1	10	undefined	SRR9697542
SRR9697552	1	277	gs://fc-e68b90c4-861d-4507-8118-e88d1e871567/f66612ba-b5e0-4912-8d44-1f105c12d64d/SingleM_SRA/683a84aa-bbc2-433e-a39a-5b10e35f1b25/call-singlem/SRR9697552.singlem.json.gz	SRR9697552
SRR9697553	1	116	undefined	SRR9697553
SRR9697555	1	208	gs://fc-e68b90c4-861d-4507-8118-e88d1e871567/f66612ba-b5e0-4912-8d44-1f105c12d64d/SingleM_SRA/4f1c513c-cd48-4db8-ad32-7ddb02b20cef/call-singlem/SRR9697555.singlem.json.gz	SRR9697555
SRR9697568	1	12	undefined	SRR9697568
SRR9733659	2	884	undefined	SRR9733659
SRR9733663	1	95	undefined	SRR9733663
SRR9865947	8	795	gs://fc-e68b90c4-861d-4507-8118-e88d1e871567/f66612ba-b5e0-4912-8d44-1f105c12d64d/SingleM_SRA/26663520-a5a7-44a3-aab6-5c06a9b60b39/call-singlem/attempt-2/SRR9865947.singlem.json.gz	SRR9865947
SRR9887594	1	335	undefined	SRR9887594
SRR9887599	1	791	undefined	SRR9887599
SRR9887600	2	148	gs://fc-e68b90c4-861d-4507-8118-e88d1e871567/f66612ba-b5e0-4912-8d44-1f105c12d64d/SingleM_SRA/9233313b-302a-4be6-8615-2fea8580d9a8/call-singlem/SRR9887600.singlem.json.gz	SRR9887600
SRR9952758	19	143	gs://fc-e68b90c4-861d-4507-8118-e88d1e871567/f66612ba-b5e0-4912-8d44-1f105c12d64d/SingleM_SRA/86f632f3-639d-4e18-a52a-45a5ea28d8d9/call-singlem/SRR9952758.singlem.json.gz	SRR9952758
